Name,Address,Latitude,Longitude,Rating,User Ratings Total,Random_Score
Olive Tree Marketplace,"1490 Clove Road, Staten Island",40.6122154,-74.0995203,4.1,451,
CTown Supermarkets,"2071 Clove Road, Staten Island",40.6049962,-74.0830544,4.1,468,
Met Food Victory Blvd,"1795 Victory Boulevard, Staten Island",40.6134364,-74.12345890000002,4.3,609,
Western Beef Supermarket,"425 Bay Street, Staten Island",40.6316885,-74.07581979999999,3.5,780,
Taster's Market,"330 Bradley Avenue, Staten Island",40.6031875,-74.1318332,4.5,357,
Key Food Supermarkets,"155 Bay Street, Staten Island",40.6379751,-74.0757593,4.0,936,26.0
Met Food Hylan Blvd,"1177 Hylan Boulevard, Staten Island",40.598783,-74.0822941,4.2,713,
Family Fruit Hylan – Staten Island Catering and Supermarket,"2270 Hylan Boulevard, Staten Island",40.57528689999999,-74.10455320000001,4.1,813,
Key Food Supermarkets,"300 Sand Lane, Staten Island",40.5921917,-74.0683365,4.1,602,134.0
FINE FARE,"1689 Richmond Road, Staten Island",40.588852,-74.10240999999999,4.0,8,
Aljazeera Halal Meat Market,"1101 Hylan Boulevard, Staten Island",40.5988072,-74.0792535,4.8,48,
SuperFresh Staten Island,"778 Manor Road, Staten Island",40.6082458,-74.1216354,4.2,201,
Stop 1 Supermarket,"515-517 Targee Street, Staten Island",40.6146882,-74.08453879999999,4.3,83,
Gourmet Island,"2107 Richmond Road, Staten Island",40.58177269999999,-74.1120212,4.5,242,
Istanbul Grand Bazaar,"2189 Hylan Boulevard, Staten Island",40.577167,-74.103416,4.5,113,
Market Fresh Supermarket,"570 Tompkins Avenue, Staten Island",40.61195639999999,-74.07148269999999,4.4,582,
AV FOOD MARKET,"530 Midland Avenue, Staten Island",40.57300489999999,-74.094638,,0,
Associated Marketplace of Broad St,"170 Broad Street, Staten Island",40.6240232,-74.0804172,4.2,171,
Food Dynasty Supermarkets,"1071 Bay Street, Staten Island",40.61746,-74.06784019999999,4.2,15,
Island Kosher,"2200-2210 Victory Boulevard, Staten Island",40.6120301,-74.13680370000002,4.7,241,
Beyar's Market,"2241 Victory Boulevard, Staten Island",40.6122582,-74.1378388,4.6,493,
King Food,"281 Broadway, Staten Island",40.634491,-74.117049,3.5,13,
Target Grocery,"1520 Forest Avenue, Staten Island",40.6239589,-74.1392272,4.7,3,
Stephenies Deli,"234 Jewett Avenue, Staten Island",40.63123840000001,-74.1308549,,0,
La Quebradita Supermarket,"405 Jersey Street, Staten Island",40.6386201,-74.0874163,4.1,16,
Castleton deli,"1400 Castleton Avenue, Staten Island",40.6337223,-74.1298559,5.0,2,
J yJ General Store,"233 Port Richmond Avenue, Staten Island",40.63561540000001,-74.1349054,4.2,13,
Mi Pueblo Meat Market Inc.,"189 Port Richmond Avenue, Staten Island",40.6365679,-74.13401200000001,3.9,16,
SuperFresh Bay Ridge,"242 Bay Ridge Avenue, Brooklyn",40.636009,-74.02721249999999,4.1,1022,
Bath Avenue Market Corporation,"1572 Bath Avenue, Brooklyn",40.6066064,-74.0111383,4.1,17,
Fei Long Market,"6301 8th Avenue, Brooklyn",40.6330565,-74.010881,3.8,2826,
Three Guys from Brooklyn,"6502 Fort Hamilton Parkway, Brooklyn",40.630632,-74.009585,4.4,812,
Met Fresh of Bay Ridge,"9606 3rd Avenue, Brooklyn",40.6165099,-74.034089,4.1,593,
Associated Fresh Of Bay Ridge-93rd St,"9310 4th Avenue, Brooklyn",40.6173884,-74.0308074,3.9,158,
The Food Emporium,"7510 5th Avenue, Brooklyn",40.6292963,-74.0230753,4.0,412,
Foodtown of Bay Ridge,"9105-27 3rd Avenue, Brooklyn",40.6198056,-74.03230730000001,4.2,2088,
Key Food Marketplace,"7414 3rd Avenue, Brooklyn",40.6317466,-74.02789899999999,4.0,611,
Jmart,"8121 New Utrecht Avenue, Brooklyn",40.6099243,-74.0014267,4.0,1982,
Dean Mini Market,"7224 13th Avenue, Brooklyn",40.6216693,-74.00631,4.2,27,
Green Food Supermarket,"8508 20th Avenue, Brooklyn",40.6051006,-73.99794899999999,3.9,127,
Key Food Supermarkets,"3485 Neptune Avenue, Brooklyn",40.5772486,-74.00182459999999,4.1,652,-24.0
La Bella Marketplace,"7907 13th Avenue, Brooklyn",40.61779240000001,-74.0098198,4.3,1124,
Key Food Supermarkets,"8772 18th Avenue, Brooklyn",40.6037808,-74.006501,4.0,824,43.0
Balady Halal Foods,"7128 5th Avenue, Brooklyn",40.6320636,-74.02190449999999,4.6,1067,
Vucciria Food & Gourmet,"2275 86th Street, Brooklyn",40.60100790000001,-73.9917202,4.0,597,
Almonte's Food Dynasty Supermarket,"1525 86th Street, Brooklyn",40.611361,-74.0083506,4.0,585,
Met Foodmarkets of Bay Ridge,"8210 5th Avenue, Brooklyn",40.6241348,-74.0250318,3.6,100,
Brooklyn Harvest Market,"8102 3rd Avenue, Brooklyn",40.6269874,-74.02997239999999,4.1,909,
Fort Hamilton Commissary,"115 White Avenue, Brooklyn",40.6115539,-74.0275539,4.5,175,
Gourmet Fresh,"530 86th Street, Brooklyn",40.620778,-74.0253899,3.9,189,
FalahiFarms,"8501 3rd Avenue, Brooklyn",40.6241544,-74.03050940000001,4.8,17,
Emily Farm Corp.,"8118 5th Avenue, Brooklyn",40.6246787,-74.0249463,4.5,6,
CTown Supermarket,"7918 3rd Avenue, Brooklyn",40.6282364,-74.0294218,4.3,24,
"DELI,GROCERY & BEER STORE","7826 3rd Avenue, Brooklyn",40.6287208,-74.0291336,3.9,27,
Greek Bakaliko Gourmet Food Market,"7615 5th Avenue, Brooklyn",40.6281895,-74.02286289999999,4.9,33,
17 gourmet deli grill. 24/7,"1702 86th Street, Brooklyn",40.6084041,-74.0048736,4.6,12,
Karelia,"2010 Cropsey Avenue, Brooklyn",40.59981030000001,-74.00277899999999,4.3,6,
MPY International Food,"2010 Cropsey Avenue, Brooklyn",40.5998164,-74.00277009999999,4.1,16,
Key Food Supermarkets,"2014 Cropsey Avenue, Brooklyn",40.5997662,-74.00252789999999,3.7,83,-21.0
Star Market,"1772 86th Street, Brooklyn",40.6072066,-74.0031578,4.0,206,
18th Ave Supermarket,"1811 86th Street, Brooklyn",40.6071663,-74.0021343,3.0,26,
Mong Kok Supermarket,"1815 86th Street, Brooklyn",40.60708169999999,-74.0020428,3.4,117,
Skyway Supermarket,"2001 Bath Avenue, Brooklyn",40.6013537,-74.00114020000001,4.0,62,
Target Grocery,"8973-95 Bay Parkway, Brooklyn",40.5933704,-74.00108709999999,3.7,13,
Capitan Supermarkets,"1880 86th Street, Brooklyn",40.60591929999999,-74.0007483,2.4,10,
7201 Fort Hamilton Pkwy Food Corp.,"7201 Fort Hamilton Parkway, Brooklyn",40.6270529,-74.0142834,3.9,8,
ALOSRA MARKET,"7013 3rd Avenue, Brooklyn",40.6344653,-74.0264053,4.7,28,
Zaitoon Halal Meat & Grocery,"1082 Coney Island Avenue, Brooklyn",40.6312113,-73.9667827,4.1,241,
National Wholesale Liquidators,"2201 59th Street, Brooklyn",40.61712709999999,-73.9772152,4.0,2082,
Paperific Supermarket,"1482 Coney Island Avenue, Brooklyn",40.621345,-73.964822,4.6,261,
Mountain Fruit of Ave. M,"1523 Avenue M, Brooklyn",40.61822,-73.959285,4.4,512,
Pomegranate Supermarket,"1507 Coney Island Avenue, Brooklyn",40.6206474,-73.9639969,4.5,2121,
KRM Kollel Supermarket,"1325 39th Street, Brooklyn",40.64043,-73.9854749,4.6,1746,
CTown Supermarkets,"6614 18th Avenue, Brooklyn",40.6183001,-73.9912269,3.9,410,
Associated Supermarkets of Midwood,"480 Avenue P, Brooklyn",40.6090097,-73.9696341,3.2,41,
Food Universe Marketplace,"237-243 Avenue U, Brooklyn",40.5968732,-73.9754816,4.1,369,
Super 13,"5214 13th Avenue, Brooklyn",40.6331255,-73.9943289,4.7,383,
Breadberry,"1689 60th Street, Brooklyn",40.6238994,-73.9895516,4.6,1470,
Jerusalem Glatt Meat,"710 Kings Highway, Brooklyn",40.6061437,-73.9652104,4.4,83,
Scaturro Supermarkets,"6301 11th Avenue, Brooklyn",40.6292643,-74.0048794,4.1,486,
Biedronka,"5703 New Utrecht Avenue, Brooklyn",40.62966999999999,-73.995694,4.3,206,
Chang Fa Food Market,"1418 Avenue U, Brooklyn",40.59858999999999,-73.9566651,3.9,283,
Parkville Food Center,"109 Lawrence Avenue, Brooklyn",40.6301513,-73.97501600000001,4.6,113,
Organic Circle,"1415 Avenue M, Brooklyn",40.6180943,-73.96045819999999,4.3,248,
Glatt Mart,"1205 Avenue M, Brooklyn",40.6178385,-73.9626468,4.5,916,
Certo Market,"1274 39th Street, Brooklyn",40.6407025,-73.9867068,4.6,1413,
Ocean Bay Market,"2424 Coney Island Avenue, Brooklyn",40.59754,-73.961446,4.0,504,
American Grocery Outlet,"2914 Coney Island Avenue, Brooklyn",40.5853694,-73.9606278,4.5,36,
GSA King Tomato Farm Inc.,"1140 McDonald Avenue, Brooklyn",40.6253065,-73.9763816,4.4,291,
Paperific Supermarket,"1465 38th Street, Brooklyn",40.639037,-73.981608,4.6,320,
Ocean Fruit & Supermarket Inc,"1986 Ocean Avenue, Brooklyn",40.6133421,-73.95437390000001,4.6,173,
Cherry Hill Gourmet (Ave U),"2613 Avenue U, Brooklyn",40.600221,-73.9449527,4.3,620,
Best Buy International Food,"411 Brighton Beach Avenue, Brooklyn",40.5776414,-73.96298089999999,4.3,214,
Seaport Seafood & Meat Market Inc,"5705 8th Avenue, Brooklyn",40.6369208,-74.0078892,1.0,2,
Moisha's Supermarket,"315 Avenue M, Brooklyn",40.6169444,-73.9719444,4.3,684,
V&W Supermarket 樂樂超級市場,"2502 86th Street, Brooklyn",40.5975447,-73.98707639999999,3.8,445,
"Avi Glatt, Inc.","805 Avenue U, Brooklyn",40.5982787,-73.9627795,3.9,110,
NG Supermarket,"507 Cortelyou Road, Brooklyn",40.6385842,-73.9742957,3.8,55,
Fruits-A-Plenty Inc,"1507 Kings Highway, Brooklyn",40.6089979,-73.9580321,4.3,58,
Bensonhurst Market,"7215 20th Avenue, Brooklyn",40.61204800000001,-73.9902713,3.7,357,
Flatbush Food Co-op,"1415 Cortelyou Road, Brooklyn",40.6412976,-73.96471989999999,4.3,1086,
Pathmark,"1525 Albany Avenue, Brooklyn",40.6355027,-73.9368326,4.3,598,
ALDI,"3785 Nostrand Avenue, Brooklyn",40.59125339999999,-73.9397973,4.2,2902,
Food Universe Marketplace,"2424 Flatbush Avenue, Brooklyn",40.61077410000001,-73.92405959999999,4.0,684,
Mill Basin Shuk,"6324 Avenue N, Brooklyn",40.61944899999999,-73.916378,4.6,126,
Ideal Food Basket of East Midwood,"1967 Flatbush Avenue, Brooklyn",40.621956,-73.93592029999999,4.2,462,
Key Food Supermarkets,"5101 Avenue N, Brooklyn",40.6192964,-73.9252593,4.2,743,-45.0
Food Way,"Georgetowne Shopping Center, 2149 Ralph Avenue, Brooklyn",40.626094,-73.9158982,4.2,1642,
Wolf's Grocery,"2362 Nostrand Avenue, Brooklyn",40.6272087,-73.9471422,4.5,63,
Cherry Hill Gourmet Inc,"1901 Emmons Avenue, Brooklyn",40.5838861,-73.9487833,4.2,968,
CTown Supermarkets,"1761 Nostrand Avenue, Brooklyn",40.642808,-73.9484071,4.0,222,
Key Food Supermarkets,"505 Neptune Avenue, Brooklyn",40.58002889999999,-73.9722852,4.2,672,42.0
Key Food Supermarkets,"319 Kings Highway, Brooklyn",40.6051624,-73.97838,4.0,996,11.0
Key Food Supermarkets,"2245 Gerritsen Avenue #1154, Brooklyn",40.60122550000001,-73.9340533,4.0,1057,144.0
Key Food Supermarket - Avenue Z,"599 Avenue Z, Brooklyn",40.58645009999999,-73.9717926,4.0,943,
Cherry Hill Market,"2284 86th Street #1, Brooklyn",40.600605,-73.9919204,4.0,540,
Kosher Palace Supermarket,"2818 Avenue U, Brooklyn",40.600088,-73.943144,4.5,425,
Key Food Supermarkets,"6620 Avenue U, Brooklyn",40.6172155,-73.909436,4.3,735,120.0
CTown Supermarkets,"2807-15 86th Street, Brooklyn",40.5930188,-73.97862409999999,3.7,214,
Key Food Supermarkets,"2326 Nostrand Avenue, Brooklyn",40.62776749999999,-73.94732309999999,4.0,683,112.0
Key Food Supermarkets,"1610 Cortelyou Road, Brooklyn",40.6415845,-73.9632507,4.1,573,36.0
Ideal Food Basket,"1871 Rockaway Parkway, Brooklyn",40.6369268,-73.8921472,4.2,275,
Key Food Supermarkets,"2066 Rockaway Parkway #47, Brooklyn",40.6324644,-73.8888707,3.8,842,149.0
Foodtown,"1958-66 Ralph Avenue, Brooklyn",40.6298691,-73.9189894,4.0,1840,
Key Food Supermarkets,"1804 Ralph Avenue, Brooklyn",40.6331516,-73.9190485,4.1,833,-31.0
Gourmet Boutique,"3688 Nostrand Avenue, Brooklyn",40.594089,-73.94096549999999,4.2,420,
Target Grocery,"5100 Kings Plaza Ste 2201, Brooklyn",40.6087292,-73.92036130000001,,0,
CTown Supermarkets,"7924 Flatlands Avenue, Brooklyn",40.63523300000001,-73.9133283,3.8,390,
Family Dollar,"1975 Utica Avenue, Brooklyn",40.6237693,-73.9269348,3.8,33,
Met Foodmarkets of Marine Park,"3404 Quentin Road, Brooklyn",40.6136576,-73.9379567,4.2,108,
Supermarket Of Ave N inc,"3524 Flatlands Avenue, Brooklyn",40.6176803,-73.9404249,4.5,173,
Produce Market 2000,"2518 Avenue U, Brooklyn",40.5997687,-73.9459229,4.3,737,
CTown Supermarket,"7812 Flatlands Avenue, Brooklyn",40.6345317,-73.9138426,5.0,1,
Deirdre Maeve's Supermarket,"202-36 Rockaway Point Boulevard, Breezy Point",40.5614151,-73.9124215,3.8,74,
Hana Market,"8002 Flatlands Avenue, Brooklyn",40.63551599999999,-73.912708,4.8,42,
Super Flat 99¢ Plus,"8123 Flatlands Avenue, Brooklyn",40.6364678,-73.912111,5.0,2,
Shop Smart Supermarket,"8123 Flatlands Avenue # B, Brooklyn",40.6365082,-73.91226069999999,3.9,18,
Shop Smart Kosher Supermarket,"2640 Nostrand Avenue, Brooklyn",40.62012800000001,-73.945921,4.3,453,
Sheepshead Bay Marketplace,"1717 Avenue Z, Brooklyn",40.5883695,-73.9518068,4.4,1591,
Target Grocery,"5200 Kings Highway Ste A, Brooklyn",40.63627040000001,-73.92707349999999,4.7,7,
Amoco,"1760 Flatbush Avenue, Brooklyn",40.62700899999999,-73.94184059999999,5.0,4,
Easy Shop Supermarket Inc. 欣榮超市,"1520 Avenue U, Brooklyn",40.5987005,-73.9556138,3.4,7,
Amoco,"4102 Avenue H, Brooklyn",40.632197,-73.936672,4.0,6,
Portokali Gourmet Market,"1509 Sheepshead Bay Road, Brooklyn",40.587381,-73.953667,4.5,919,
Bay Fresh Supermarket Inc,"1510 Sheepshead Bay Road, Brooklyn",40.587075,-73.9535933,4.0,13,
Domino Supermarket,"1824 Kings Highway, Brooklyn",40.61000000000001,-73.95479999999999,3.8,877,
Gmor Supermarket,"1569 Avenue S, Brooklyn",40.6039201,-73.9561367,,0,
DOLLAR TOWN,"1808 Kings Highway, Brooklyn",40.609913,-73.9551755,3.3,18,
Green Forest Market at Kings Highway,"1717 Kings Highway, Brooklyn",40.6099605,-73.9559201,4.3,528,
Deirdre Maeve's Summer Store,Queens,40.5589878,-73.91995779999999,,0,
Big Banana,"1709 Kings Highway, Brooklyn",40.6098338,-73.9561619,4.1,334,
L & J Supermarket II Inc.,"1252 Avenue U, Brooklyn",40.5983773,-73.9583571,4.4,7,
勝興超級市場 A&C Seafood & Meat Market,"1237 Avenue U, Brooklyn",40.5987829,-73.95864449999999,3.9,123,
OKKA FOODS MARKET,"1524 Kings Highway, Brooklyn",40.60877929999999,-73.9575194,4.9,1366,
Avenue I,"1667 Flatbush Avenue, Brooklyn",40.6298283,-73.9441183,,0,
Halal Products,"1667 Flatbush Avenue, Brooklyn",40.6297732,-73.94418650000001,5.0,1,
Key Food Supermarkets,"87-15 Rockaway Beach Boulevard, Far Rockaway",40.58696459999999,-73.8125896,3.8,855,116.0
AAA,"69-15 Beach Channel Drive, Far Rockaway",40.59256329999999,-73.7989125,4.7,53,
Food Universe,"32-11 Beach Channel Drive, Far Rockaway",40.5982026,-73.7660006,4.0,598,
Rockaway Kosher Supermarket,"1913 Cornaga Avenue, Far Rockaway",40.60209640000001,-73.7519612,4.6,342,
Shop Fair of Cornaga,"1801 Cornaga Avenue, Far Rockaway",40.602473,-73.749737,3.7,105,
Three Brothers Meat Market,"1326 Central Avenue, Far Rockaway",40.6070484,-73.7499342,4.4,165,
Mango Hills Supermarket,"290 Beach 14th Street, Far Rockaway",40.59795450000001,-73.74809979999999,3.8,56,
Key Food Supermarkets,"2020 New Haven Avenue, Far Rockaway",40.6010937,-73.75431499999999,4.1,762,114.0
Newway Supermarket,"58-14 Beach Channel Drive, Arverne",40.5943395,-73.78889280000001,3.8,210,
SuperFresh Arverne,"5725 Beach 56th Place, Arverne",40.59182070000001,-73.7876989,,0,
Polo Supermarket,"22-18 Mott Avenue, Far Rockaway",40.6055399,-73.7557745,4.1,193,
Shop Fair of Wavecrest,"245 Beach 20th Street, Far Rockaway",40.5965906,-73.7547984,3.9,286,
Shop Fair of Beach Channel,"13-29 Beach Channel Drive, Far Rockaway",40.6060608,-73.7549937,4.0,438,
Inwood Discount Supermarket,"414 Bayview Avenue, Inwood",40.6146188,-73.7521415,3.4,16,
City Market Fresh,"290 Beach 14th Street, Far Rockaway",40.59795079999999,-73.7479575,4.1,30,
Inwood Deli & Grocery,"83 Doughty Boulevard, Inwood",40.6140804,-73.7462058,4.2,78,
Gourmet Glatt Cedarhurst,"137 Spruce Street, Cedarhurst",40.6216047,-73.72627659999999,4.4,391,
Seasons Lawrence - Kosher Supermarket,"330 Central Avenue, Lawrence",40.6178316,-73.7298776,4.5,672,
Express Market & Deli productos centroamericanos,"1 Clinton Avenue, Inwood",40.6162692,-73.738869,4.8,20,
KolSave Market,"11 Lawrence Lane, Lawrence",40.625312,-73.7378889,4.6,509,
Target Grocery,"345 Rockaway Turnpike, Lawrence",40.6263352,-73.73840799999999,3.8,5,
Key Food Supermarkets,"1080 West Beech Street, Long Beach",40.5858749,-73.7002522,4.3,190,37.0
ShopRite of Bayonne-26 Street,"583-9 Avenue C &, West 26th Street, Bayonne",40.6674174,-74.1189846,4.2,3349,
Shop Smart,"368 Broadway # A, Bayonne",40.6596298,-74.1217053,4.0,16,
Karun Deli and Grocery,"1224 John F. Kennedy Boulevard, Bayonne",40.6888562,-74.1057369,3.7,31,
Jeffrey Supermarket,"102 Ocean Avenue, Jersey City",40.691999,-74.094634,4.1,37,
Mexico Supermarket Monte Alban,"170 Port Richmond Avenue, Staten Island",40.6370618,-74.1343849,4.3,223,
Aquí Market Garfield Ave,"2-16 Garfield Avenue, Jersey City",40.6852943,-74.0984402,3.9,889,
Teddy’s Place,"5 West 25th Street, Bayonne",40.6658932,-74.11711280000002,4.5,471,
CTown Supermarkets,"782 Broadway, Bayonne",40.6738303,-74.1096204,4.1,414,
Met Fresh of Bayonne,"400 Broadway, Bayonne",40.66069280000001,-74.1206535,4.7,28,
Lidl,"20 Goldsborough Drive, Bayonne",40.6707,-74.10705,4.4,880,
FOOD BAZAAR,"480-500 Van Brunt Street, Brooklyn",40.6742174,-74.01702159999999,4.4,3024,
CTown Supermarkets,"4705 5th Avenue, Brooklyn",40.6465052,-74.0085189,4.0,1079,
Marketa Los Fernández,"5013 5th Avenue, Brooklyn",40.6447007,-74.0103809,3.8,443,
City Fresh Market,"5009 6th Avenue, Brooklyn",40.6434531,-74.0081944,4.1,482,
La Placita de Brooklyn,"4219 8th Avenue, Brooklyn",40.64510999999999,-73.999293,4.3,332,
Associated Supermarkets of Red Hook,"58 Lorraine Street, Brooklyn",40.6742565,-74.0074731,3.9,169,
CTown Supermarkets,"57 Mill Street, Brooklyn",40.6759883,-74.0044296,3.8,254,
Pioneer Supermarkets of Sunset Park,"5612 5th Avenue, Brooklyn",40.6415798,-74.0142589,4.1,469,
La Dominicana,"4523 6th Avenue, Brooklyn",40.6459847,-74.0055412,4.1,21,
Circus Fruits,"5915 Fort Hamilton Parkway, Brooklyn",40.6330605,-74.0052855,4.2,1349,
Key Food Supermarkets,"4320 5th Avenue, Brooklyn",40.648838,-74.0067749,3.9,805,-36.0
Bravo Supermarkets,"4808 4th Avenue, Brooklyn",40.64754869999999,-74.0119917,4.0,398,
Bravo Fresh Meat Market,"5822 4th Avenue, Brooklyn",40.6417281,-74.0179414,3.5,182,
Fei Long Market,"4423 8th Avenue, Brooklyn",40.6438638,-74.0005039,3.6,213,
Valdez Supermarket,"5301 4th Avenue, Brooklyn",40.64457180000001,-74.0141759,,0,
Green Village Supermarket,"5801 4th Avenue, Brooklyn",40.6418044,-74.0171585,4.0,27,
Food Universe Marketplace,"4118 3rd Avenue, Brooklyn",40.65253089999999,-74.0101646,3.9,102,
Pal Supermarket,"4421 4th Avenue, Brooklyn",40.6492565,-74.0093323,4.6,54,
Forum Supermarket,"6501 7th Avenue, Brooklyn",40.63356390000001,-74.0147322,3.6,321,
King Mei Supermarket,"5101 6th Avenue, Brooklyn",40.64302199999999,-74.00859299999999,4.1,7,
LANG QI FOODS SUPERMARKET,"710 57th Street, Brooklyn",40.6382617,-74.0097914,3.1,14,
El Rancho Nuevo Supermarket,"4401 5th Avenue, Brooklyn",40.648212,-74.0066499,4.5,34,
Japan Village,"934 3rd Avenue, Brooklyn",40.656103,-74.0064373,4.5,4195,
HL Supermarket,"6722 Fort Hamilton Parkway, Brooklyn",40.6295889,-74.0117346,3.9,1060,
Shun Fa Seafood Market Inc.,"5724 8th Avenue, Brooklyn",40.6367933,-74.00844219999999,2.9,20,
Green Product Market,"5706 8th Avenue, Brooklyn",40.6371334,-74.0081732,2.3,3,
Five United Market,"5704 8th Avenue, Brooklyn",40.6371579,-74.0080747,3.0,9,
Wing Sing Food Inc,"5615 8th Avenue, Brooklyn",40.6373048,-74.0074042,,0,
EZ Fresh,"863 65th Street, Brooklyn",40.6318581,-74.0106761,3.5,57,
Trader Joe's,"130 Court Street, Brooklyn",40.6895837,-73.9928699,4.5,5948,
Brooklyn Fare,"200 Schermerhorn Street, Brooklyn",40.68877820000001,-73.9858627,4.2,923,
Union Market,"754-756 Union Street, Brooklyn",40.67526300000001,-73.9778591,4.1,237,
Key Food Urban Marketplace,"130 7th Avenue, Brooklyn",40.6731003,-73.9767893,4.0,583,
Union Market,"402-404 7th Avenue, Brooklyn",40.66472220000001,-73.98361109999999,4.2,407,
CTown Supermarkets,"1362 Nostrand Avenue, Brooklyn",40.6534195,-73.9501435,4.1,314,
Key Food Supermarkets,"1232 Nostrand Avenue, Brooklyn",40.6570087,-73.9504937,3.8,531,72.0
Western Beef Supermarket,"44 Empire Boulevard, Brooklyn",40.6630554,-73.9597244,3.8,856,
Windsor Farms Market,"589 Prospect Avenue, Brooklyn",40.6567622,-73.9775432,4.2,515,
Market Place By Key Food,"615 5th Avenue, Brooklyn",40.6636071,-73.990684,4.3,269,
Ideal Fresh Market of Church Ave,"1301 Church Avenue, Brooklyn",40.64788789999999,-73.9673763,3.7,265,
Whole Foods Market,"214 3rd Street, Brooklyn",40.67489279999999,-73.98878789999999,4.4,4286,
Key Food Supermarkets,"786 Flatbush Avenue, Brooklyn",40.6536341,-73.9596795,3.9,455,65.0
La Venezolana Corporation,"654 Sackett Street, Brooklyn",40.678054,-73.98330399999999,1.7,6,
Brooklyn's Natural Deli,"2126-2130 Caton Avenue, Brooklyn",40.65269389999999,-73.959694,4.0,206,
Foodtown of Kensington,"382 McDonald Avenue, Brooklyn",40.6447525,-73.9801559,4.1,1492,
Foodtown of Prospect Heights,"632 Vanderbilt Avenue, Brooklyn",40.677299,-73.969338,4.3,1062,
BK Bagel & Deli,"719 Washington Avenue, Brooklyn",40.6753059,-73.9631318,4.6,155,
Superior Market,"1519 Nostrand Avenue, Brooklyn",40.6490542,-73.9492294,4.0,15,
Ideal Food Basket,"720 Washington Avenue, Brooklyn",40.676279,-73.963638,3.9,574,
CTown Supermarkets,"329 9th Street, Brooklyn",40.6690087,-73.9853759,4.1,695,
Associated Fresh of Park Slope,"216 5th Avenue, Brooklyn",40.6761589,-73.9809598,4.3,305,
Urban Market by Key Food,"651 Nostrand Avenue, Brooklyn",40.67486679999999,-73.9498687,3.9,699,
Super Foodtown,"1420 Fulton Street, Brooklyn",40.6797,-73.9444,4.1,3457,
FOOD BAZAAR,"1682 Saint Johns Place, Brooklyn",40.6698188,-73.9215613,4.1,2672,
Fine Fare Supermarket,"381 Mother Gaston Boulevard, Brooklyn",40.6697215,-73.90628699999999,3.8,321,
Associated Fresh of East Flatbush,"4121 Church Avenue, Brooklyn",40.6515153,-73.9382948,3.8,170,
Food Universe Marketplace,"405 Remsen Avenue, Brooklyn",40.6560189,-73.9231688,3.7,125,
Ideal Food Basket of Crown Heights,"1410 Saint Johns Place, Brooklyn",40.67045389999999,-73.93161169999999,3.9,683,
Food Universe Marketplace,"1720 Atlantic Avenue, Brooklyn",40.6770276,-73.9338326,4.0,273,
CTown Supermarkets,"29 Belmont Avenue, Brooklyn",40.6687538,-73.9093188,3.7,211,
Ideal Food Basket of Gates Ave,"631 Gates Avenue, Brooklyn",40.6873757,-73.9414883,4.0,617,
Key Food Supermarkets,"991 Fulton Street, Brooklyn",40.6829149,-73.9633123,3.9,319,96.0
Halsey Traders Market,"587 Halsey Street, Brooklyn",40.6843076,-73.92901169999999,3.9,362,
America's Food Basket of Atlantic Ave,"2220 Atlantic Avenue, Brooklyn",40.6759927,-73.9122837,4.1,852,
Foodtown of Crown Heights,"905-13 Franklin Avenue, Brooklyn",40.66751799999999,-73.958783,4.1,726,
Golden Farms Supermarket,"416 Crescent Street, Brooklyn",40.6783718,-73.8710342,4.1,669,
City Fresh Market,"655 Stanley Avenue, Brooklyn",40.659381,-73.884292,4.1,355,
City Fresh Supermarket.,"1380 Pennsylvania Avenue, Brooklyn",40.6467159,-73.88380409999999,3.9,480,
Farm Country of East New York,"2205 Linden Boulevard, Brooklyn",40.6630834,-73.8813718,4.1,1744,
FOOD BAZAAR,"417 Junius Street, Brooklyn",40.6651322,-73.90162360000001,4.2,5030,
CTown Supermarkets,"2869 Fulton Street, Brooklyn",40.67896619999999,-73.8884446,3.8,413,
Cherry Valley Marketplace,"1115 Granville Payne Avenue, Brooklyn",40.65359979999999,-73.88647069999999,3.9,799,
Fine Fare Supermarkets,"602 Livonia Avenue, Brooklyn",40.6645438,-73.8947503,3.9,290,
ShopRite of Gateway Center,"590 Gateway Drive, Brooklyn",40.6551427,-73.8688014,4.4,5632,
Bravo Supermarkets,"3008 Fulton Street, Brooklyn",40.6800573,-73.88353579999999,3.9,354,
Fine Fare Supermarkets,"675 Lincoln Avenue, Brooklyn",40.6731825,-73.86631799999999,4.1,406,
Key Food Supermarkets,"1533 Broadway, Brooklyn",40.68654950000001,-73.9164174,3.6,372,34.0
Pioneer Supermarkets of Bushwick,"1657 Broadway, Brooklyn",40.6846684,-73.9132482,3.6,412,
Golden Farms,"101-16 77th Street, Ozone Park",40.6796684,-73.8610229,4.2,1099,
Pioneer Supermarkets of Cypress Hills,"3461 Fulton Street, Brooklyn",40.68509600000001,-73.867918,3.9,75,
Green Acre Farms,"1160 Utica Avenue, Brooklyn",40.6441691,-73.9297612,4.2,353,
Associated Supermarkets of Bed-Stuy,"1888 Fulton Street, Brooklyn",40.6788333,-73.9238118,3.9,559,
Food World Supermarket,"935 East 107th Street, Brooklyn",40.6477716,-73.89238929999999,4.1,741,
Empire Kosher Supermarket,"529 Empire Boulevard, Brooklyn",40.6643913,-73.94446900000001,4.5,1191,
Key Food Supermarkets - 9530 Church Avenue,"9530 Church Avenue, Brooklyn",40.6554538,-73.91544019999999,3.9,662,
Ideal Food Basket of East New York,"840 East New York Avenue, Brooklyn",40.662434,-73.9348725,4.1,600,
The Market Place - Crown Heights,"589 East New York Avenue, Brooklyn",40.6622706,-73.94319209999999,4.5,1355,
Bravo Supermarkets,"366 New Lots Avenue, Brooklyn",40.6614734,-73.8935894,3.8,471,
Aden Supermarket,"10404 Flatlands Avenue, Brooklyn",40.6470553,-73.8951227,4.3,18,
CTown Supermarkets,"330 Utica Avenue, Brooklyn",40.6667009,-73.9316075,3.7,429,
Apna Bazar,"113-18 Liberty Avenue, South Richmond Hill",40.6854642,-73.8287983,4.0,2222,
CTown Supermarkets,"107-66 Cross Bay Boulevard, Ozone Park",40.67710399999999,-73.8441569,4.1,445,
Key Food Supermarkets,"163-30 Cross Bay Boulevard, Howard Beach",40.6516443,-73.838456,4.3,500,52.0
Food Universe Marketplace,"96-09 Liberty Avenue, Ozone Park",40.680903,-73.84285,4.1,756,
Cherry Valley Marketplace,"84-12 97th Avenue, Jamaica",40.68328140000001,-73.8555933,4.2,1029,
Apna Sohna Bazaar,"117-10 Rockaway Boulevard, South Ozone Park",40.6762176,-73.8205869,4.4,130,
Key Food,"102-02 101st Avenue, Ozone Park",40.6855605,-73.8404601,4.2,357,
Liberty Bismillah Supermarket,"109-19 Liberty Avenue, South Richmond Hill",40.684581,-73.8321173,4.0,57,
The Food Emporium of Howard Beach Supermarket,"Lindenwood 82, 35 153rd Avenue, Howard Beach",40.66679989999999,-73.8513598,3.8,474,
Apna Bazar Farmers Market,"124-16 Liberty Avenue, South Richmond Hill",40.6878074,-73.8194802,4.1,719,
CTown Supermarkets,"98-02 Jamaica Avenue, Woodhaven",40.6946369,-73.847383,3.8,449,
Superior Food Market Inc,"120-22 101st Avenue, South Richmond Hill",40.690268,-73.82395799999999,4.8,8,
Golden Mango Supermarket,"8105 Rockaway Boulevard, Ozone Park",40.6847967,-73.8591678,4.1,378,
Key Food Supermarkets,"1215 Sutter Avenue, Brooklyn",40.67281550000001,-73.8733335,3.9,796,56.0
Brothers Italian Food World,"16110 Cross Bay Boulevard, Howard Beach",40.6553893,-73.8393759,4.6,134,
Associated Supermarkets of Pitkin,"2578 Pitkin Avenue, Brooklyn",40.674491,-73.8769259,3.6,292,
Family Dollar,"3382 Atlantic Avenue, Brooklyn",40.6813675,-73.8717233,3.9,247,
Target Grocery,"519 Gateway Drive, Brooklyn",40.6529944,-73.870071,4.3,29,
ALDI,"528 Gateway Drive, Brooklyn",40.6538135,-73.87107069999999,4.3,2328,
Cherry Valley Marketplace,"925 Crescent Street #5515, Brooklyn",40.6647936,-73.8671293,4.0,351,
Key Food Supermarkets,"108-16 Liberty Avenue, Jamaica",40.6836662,-73.8332631,3.9,471,44.0
Pioneer Fresh of East New York,"689 Stanley Avenue, Brooklyn",40.65976399999999,-73.8834298,4.5,84,
J T Grocery,"114-27 135th Avenue, South Ozone Park",40.6715773,-73.8252383,4.3,28,
Key Food Supermarkets,"135-46 Lefferts Boulevard, South Ozone Park",40.6691667,-73.8216667,4.0,535,4.0
Tony's Shop & Save Supermarket,"Tony's Shop & Save Supermarket, 1161 Sutter Avenue, Brooklyn",40.6724843,-73.8751849,4.0,149,
FOOD BAZAAR,"11110 Flatlands Avenue, Brooklyn",40.6492783,-73.8889016,4.3,3236,
Food Universe Marketplace,"773 New Lots Avenue, Brooklyn",40.6667838,-73.8820401,3.7,162,
food choice,"1161 Sutter Avenue, Brooklyn",40.67253360000001,-73.8751917,5.0,5,
Milk Farm Supermarket,"88-13 Liberty Avenue, Ozone Park",40.6800975,-73.8502321,4.0,180,
Asian Supermarket & Halal Meat,"2757 Pitkin Avenue, Brooklyn",40.675908,-73.8704039,4.0,178,
Pure Farmers Market,"1242 Liberty Avenue, Brooklyn",40.6789487,-73.8628794,4.1,67,
Abdullah Supermarket,"74-16 101st Avenue, Ozone Park",40.67929120000001,-73.8624665,3.8,95,
Emdad Supermarket Inc.,"1206 Liberty Avenue, Brooklyn",40.6788064,-73.86458300000001,4.3,11,
Premium Supermarket,"1196 Liberty Avenue, Brooklyn",40.67875050000001,-73.86488360000001,4.0,484,
CTown Supermarkets,"1176 Liberty Avenue, Brooklyn",40.678541,-73.8658092,3.5,269,
Osorio Food Corp,"2665 Pitkin Avenue, Brooklyn",40.675368,-73.873846,4.5,8,
Junior's Food Outlet,"145-35 Rockaway Boulevard, South Ozone Park",40.67381739999999,-73.79228599999999,4.0,583,
Ideal Food Basket,"169-85 137th Avenue, Jamaica",40.6733823,-73.7701905,4.1,627,
Bravo Supermarkets,"144-28 Lakewood Avenue, Jamaica",40.6897531,-73.803113,3.9,153,
Western Beef Supermarket,"130-35 Merrick Boulevard, Rochdale Village",40.6806838,-73.76168299999999,3.8,726,
Key Food Supermarkets,"16602 Baisley Boulevard, Jamaica",40.67882109999999,-73.7762418,3.9,1183,109.0
CIBO Express Gourmet Market - TECH,"John F Kennedy International Airport, Terminal 2, Queens",40.6586769,-73.7953211,,0,
CIBO Express Gourmet Market,"John F Kennedy International Airport, Terminal 5, Queens",40.6586769,-73.7953211,,0,
CIBO Express Gourmet Market - Book Store,"John F Kennedy International Airport, Terminal 2, Queens",40.6586769,-73.7953211,,0,
Hudson,"Terminal 7, Jamaica",40.6495623,-73.7827185,1.8,9,
Alsa Met Food Corp.,Jamaica,40.67327280000001,-73.7907153,,0,
Farmboy Country Market,"127-20 Rockaway Boulevard, South Ozone Park",40.67484899999999,-73.810129,3.9,1267,
Amoco,"162-35 North Conduit Avenue, Jamaica",40.6682633,-73.77204309999999,4.0,9,
Almonte's Fine Fare of Farmers Blvd. - Neighborhood Supermarket,"145-44 Farmers Boulevard, Rochdale Village",40.66482469999999,-73.76841619999999,4.2,103,
Fine fair,"145-44 Farmers Boulevard, Rochdale Village",40.66487619999999,-73.76841670000002,3.9,69,
Ideal Food Basket,"142-36 Foch Boulevard, Jamaica",40.678845,-73.7983855,4.3,546,
FOOD JUNGLE INC,"11914 Sutphin Boulevard, Jamaica",40.6785301,-73.79178519999999,,0,
Food World Supermarket,"119-14 Sutphin Boulevard, Jamaica",40.6785301,-73.79178519999999,4.1,1564,
Food Universe Marketplace,"127-16 111th Avenue, South Ozone Park",40.6825793,-73.81359929999999,3.8,131,
Super,Rochdale Village,40.6785894,-73.7765337,,0,
C-Town Supermarket,"115-34 Sutphin Boulevard, Jamaica",40.683919,-73.7927091,3.8,248,
Shahjalal Halal Supermarket,"111-02 Sutphin Boulevard, Jamaica",40.68837579999999,-73.7958434,5.0,3,
Fresh Farm Halal Supermarket,157-11 Linden Boulevard,40.6880896,-73.7899571,3.7,11,
West Indian Farm Market,"123-02 Liberty Avenue, South Richmond Hill",40.6874622,-73.820628,4.2,157,
Matty's 5 Star Mini Mart,"128-02 Liberty Avenue, South Richmond Hill",40.688822,-73.816841,4.0,8,
Earnest Foods,"123-01 Merrick Boulevard, Jamaica",40.6833044,-73.76818120000001,4.9,101,
Market Fresh Supermarket,"109-10 Sutphin Boulevard, Jamaica",40.69159800000001,-73.7981891,4.1,115,
Century Market,"109-18 Liberty Avenue, South Richmond Hill",40.68405,-73.832188,3.4,15,
CTown Supermarkets,"Parking lot, 134-16 Liberty Avenue, South Richmond Hill",40.691428,-73.81197139999999,3.8,1141,
Key Food Supermarkets,"123-12 101st Avenue, South Richmond Hill",40.69085690000001,-73.8220138,3.9,595,-16.0
John’s Farm Market,"115-10 Merrick Boulevard, Jamaica",40.6894766,-73.7779845,4.0,36,
AFRICARIB BAZAAR MARKET,"114-52 Merrick Boulevard, Jamaica",40.690135,-73.778486,4.6,117,
Atlantic Farm Cash & Carry,"130-23 101st Avenue, South Richmond Hill",40.6928058,-73.8164517,3.5,21,
Deshi Bazar & Halal Meat Inc,"106-15 Sutphin Boulevard, Jamaica",40.6948931,-73.8023815,4.2,5,
Trader Joe's,"1280 West Broadway, Hewlett",40.6393609,-73.70171719999999,4.5,3021,
Amoco,"243-02 South Conduit Avenue, Rosedale",40.6650261,-73.7354563,3.7,93,
Key Food Supermarket of Rosedale Rd,"935 Rosedale Road, Valley Stream",40.65264069999999,-73.7241567,4.1,1070,
Key Food Supermarkets,"22501 Merrick Boulevard, Springfield Gardens",40.6776341,-73.7444269,4.0,581,108.0
King Kullen,"231 West Merrick Road, Valley Stream",40.6690491,-73.70640440000001,4.2,1230,
Gourmet Glatt Woodmere,"1030 Railroad Avenue, Woodmere",40.6344432,-73.71019799999999,4.4,469,
Sweet Pea - Gourmet Grocery Store,"1483 Broadway, Hewlett",40.6432499,-73.6955289,3.8,49,
Foodtown of Hewlett,"1368 Peninsula Boulevard, Hewlett",40.6447689,-73.7025313,4.1,1001,
Ramar Supermarket,"144-5A 243rd Street, Rosedale",40.6601075,-73.7393136,4.1,33,
Associated Supermarkets of Rosedale,"143-60 243rd Street, Rosedale",40.6608932,-73.7391098,3.9,169,
ALDI,"750 Sunrise Highway, Valley Stream",40.66446409999999,-73.72709069999999,4.4,1097,
Target Grocery,"500 Sunrise Highway, Valley Stream",40.6645869,-73.72075459999999,4.6,22,
Farm Country of Laurelton,"234-21 Merrick Boulevard, Rosedale",40.6746592,-73.7353883,4.0,268,
Food World Supermarket,"500 West Merrick Road, Valley Stream",40.66915099999999,-73.71533000000001,4.2,1758,
Keneret Fresh Market,"1274 Peninsula Boulevard, Hewlett",40.6436654,-73.7050704,4.7,77,
Key Food,"1805 North Central Avenue, Valley Stream",40.6826498,-73.7145285,4.2,1202,
A & E Supermarket,"11731 Farmers Boulevard, Jamaica",40.6907843,-73.7619793,4.6,9,
Patel Brothers,"780-782 Newark Avenue, Jersey City",40.735664,-74.06412,4.0,3251,
Extra Supermarket,"360 Martin Luther King Drive, Jersey City",40.7103021,-74.0771872,4.1,1909,
Big Bazar Indian supermarket - best Indian grocery store,"831 Newark Avenue, Jersey City",40.735656,-74.066267,4.1,916,
Pioneer Supermarkets of Jersey City,"320 Martin Luther King Drive, Jersey City",40.7097553,-74.0799293,3.8,405,
ACME Markets,"321 New Jersey 440, Jersey City",40.7105326,-74.10182309999999,4.2,1407,
Bravo Supermarkets,"503 West Side Avenue, Jersey City",40.71828079999999,-74.08408899999999,3.7,580,
اخوان غبور Ghabour Brothers Supermarket,"867 Bergen Avenue, Jersey City",40.7291529,-74.0665107,4.2,134,
99 Ranch Market,"420 Grand Street, Jersey City",40.7188083,-74.05276669999999,4.3,2436,
CTown Supermarkets,"885 Bergen Avenue, Jersey City",40.7296832,-74.06613879999999,4.0,1753,
Martfury,"837 Hilltop Haven Drive, Jersey City",40.7008372,-74.0887383,,0,
Tejeda Supermarket,"356 Ocean Avenue, Jersey City",40.6988281,-74.0854595,4.3,21,
Privilege Food,"466 Ocean Avenue, Jersey City",40.70232370000001,-74.0814685,4.1,230,
Asian Food Market Jersey City,"701 New Jersey 440, Jersey City",40.71940259999999,-74.09628959999999,4.2,1144,
Andy's Supermarket,"692 Ocean Avenue, Jersey City",40.7098434,-74.0761522,4.3,21,
Denisse Supermarket,"761 Ocean Avenue, Jersey City",40.7121557,-74.0752854,4.5,53,
Clarissa Supermarket,"509 Martin Luther King Drive, Jersey City",40.7153134,-74.0751724,4.6,44,
Alexa Supermarket,"509 Martin Luther King Drive, Jersey City",40.7152729,-74.0750841,4.6,87,
Clara Supermarket & Dely,Jersey City,40.7160614,-74.0740987,5.0,2,
Rodriguez Brothers Supermarket,"553 Communipaw Avenue, Jersey City",40.7164879,-74.0709478,4.4,110,
Exito Fresh Market,"115 Monticello Avenue, Jersey City",40.71867349999999,-74.07198199999999,3.7,275,
Don Henriquez,"195 Monticello Avenue, Jersey City",40.7213663,-74.07029899999999,4.9,7,
La Perfecta Supermarket,"195 Monticello Avenue, Jersey City",40.7213663,-74.07029899999999,3.8,12,
CTown Supermarkets,"759 West Side Avenue, Jersey City",40.726375,-74.0771476,3.5,197,
M & T Minimarket,"204 Duncan Avenue, Jersey City",40.7275868,-74.0781037,4.7,3,
Bergen Supermarket,"692 Bergen Avenue, Jersey City",40.7238835,-74.0699798,3.9,13,
Bergen Fruits & Vegetables,"787 Bergen Avenue, Jersey City",40.7262038,-74.0678363,4.4,91,
Angel Mini Supermarket,"2716 John F. Kennedy Boulevard, Jersey City",40.7289514,-74.0694183,5.0,1,
Sub Hub Market Fresh,"2815 John F. Kennedy Boulevard, Jersey City",40.7319983,-74.06682119999999,4.3,291,
National Supermarket,"61 Hawkins Street, Newark",40.72954059999999,-74.1396281,4.0,12,
M & M Mini Market & Deli,"116 Tonnelle Avenue, Jersey City",40.735002,-74.06701079999999,3.0,2,
Met Foodmarkets of Newark,"514 Ferry Street, Newark",40.73199309999999,-74.1400014,4.0,159,
Whole Foods Market,"270 Greenwich Street, New York",40.71558769999999,-74.0114521,4.4,3790,
Jubilee Market Place on John,"99 John Street, New York",40.7082431,-74.0063359,4.2,993,
Hudson Greene Market,"77 Hudson Street, Jersey City",40.7147655,-74.0347802,4.3,640,
Sunrise Mart 日系スーパー,"494 Broome Street, New York",40.7232614,-74.0025754,4.5,902,
SuperFresh Two Bridges,"5 Saint James Place, New York",40.7108765,-74.0002319,3.8,490,
Lily's Vegan Pantry,"213 Hester Street, New York",40.71865719999999,-73.999057,4.6,322,
Organic Basic Food,"204 Washington Street, Hoboken",40.7390365,-74.0306059,4.8,161,
Po Wing Hong Food Market,"49 Elizabeth Street Ground Floor, New York",40.7171287,-73.9967356,4.3,333,
ShopRite of Metro Plaza,"400 Marin Blvd, Metro Plaza Drive, Jersey City",40.72301520000001,-74.0396544,4.1,5129,
New York Marts,"75 East Broadway, New York",40.713685,-73.9941826,3.8,212,
Gristedes,"315 South End Avenue, New York",40.7104788,-74.0164333,3.4,135,
ACME Markets,"125 18th Street, Jersey City",40.7329254,-74.0375526,4.1,960,
MORTON WILLIAMS SUPERMARKETS,"105 River Drive, Jersey City",40.7297245,-74.0323762,4.0,1093,
55 Fulton Market by Keyfood,"55 Fulton Street, New York",40.70871810000001,-74.00471859999999,4.2,1369,
Supremo Food Market of Jersey City,"323 Palisade Avenue, Jersey City",40.7397374,-74.0473097,4.1,1062,
Key Food Supermarkets,"102 Montague Street, Brooklyn",40.6949016,-73.9954578,3.9,272,-18.0
Bangkok Center Grocery,"104 Mosco Street, New York",40.714554,-73.999344,4.7,241,
P & K Fruit Market,"170 Newark Avenue, Jersey City",40.72125310000001,-74.0449088,4.7,238,
Prime Food Market,"180 10th Street, Jersey City",40.728924,-74.0412979,4.2,720,
Meat Center (Chinatown),"208 Centre Street, New York",40.7190325,-73.99897109999999,4.5,4,
Gristedes,"101 Clark Street, Brooklyn",40.69788489999999,-73.9926259,3.1,221,
La Conga Supermarket,"352 Grove Street, Jersey City",40.7208162,-74.04254279999999,4.3,210,
Aspen Marketplace,"226 Washington Street, Hoboken",40.7396967,-74.0304774,4.1,357,
New York Mart,"128 Mott Street, New York",40.71850389999999,-73.9966318,3.9,1159,
Fulton Stall Market,"91 South Street, New York",40.7061992,-74.0034706,4.5,70,
Hong Kong Supermarket,"157 Hester Street, New York",40.717605,-73.9960273,4.1,2971,
Deluxe Food Market,"79 Elizabeth Street, New York",40.71803799999999,-73.996262,4.1,688,
Key Food Fresh & Natural,"574 Jersey Avenue, Jersey City",40.7232426,-74.0456641,4.2,647,
"D&Y Continental Fruit, Vegetables, Grocery, Flowers & More","309 Grove Street, Jersey City",40.7191528,-74.0434704,4.5,8,
Whole Foods Market,"135 Greene Street, Jersey City",40.7180058,-74.0369377,4.1,627,
Trader Joe's,"142 East 14th Street, New York",40.733371,-73.9878966,4.4,4858,
Trader Joe's,"675 6th Avenue, New York",40.74209010000001,-73.9941211,4.6,6706,
Whole Foods Market,"95 East Houston Street, New York",40.72382459999999,-73.99231019999999,4.2,2988,
Whole Foods Market,"4 Union Square East, New York",40.7346935,-73.9912519,4.2,4897,
MORTON WILLIAMS SUPERMARKETS,"130 Bleecker Street, New York",40.7277826,-73.9987835,4.0,629,
Key Food Urban Marketplace,"52 Avenue A, New York",40.72400320000001,-73.984763,4.2,1158,
Key Food Supermarkets,"43 Columbia Street, New York",40.7171382,-73.9804011,3.8,759,-6.0
Morton Williams Supermarkets,"278 Park Avenue South, New York",40.7394127,-73.98725379999999,3.5,269,
Garden of Eden,"7 East 14th Street, New York",40.7359352,-73.9928729,4.1,580,
Space Market,"1 University Place # 1, New York",40.7308738,-73.9952212,3.7,97,
Fine Fare Supermarkets,"545 Grand Street, New York",40.7139858,-73.9806191,3.6,599,
Citarella Gourmet Market - West Village,"424 6th Avenue, New York",40.7343679,-73.99871689999999,4.4,819,
FOOD BAZAAR,"21 Manhattan Avenue, Brooklyn",40.70314560000001,-73.9450749,4.4,7202,
Morton Williams Wines and Spirits,"313 East 23rd Street, New York",40.7377511,-73.98001339999999,4.1,210,
Foodtown of Williamsburg,"159 North 3rd Street, Brooklyn",40.715327,-73.959566,4.2,656,
CTown Supermarkets,"330 Graham Avenue, Brooklyn",40.71412600000001,-73.94400159999999,3.7,525,
Associated Supermarkets of Alphabet City,"123 Loisaida Avenue, New York",40.7246316,-73.9787304,3.8,217,
Union Market,"240 East Houston Street, New York",40.7223638,-73.9859359,4.3,664,
Western Beef Supermarket,"431 West 16th Street, New York",40.7430701,-74.00571599999999,3.6,313,
CTown Supermarkets,"241 Taaffe Place, Brooklyn",40.690586,-73.95931999999999,4.1,498,
Trader Joe's,"445 Gold Street, Brooklyn",40.69122529999999,-73.9827655,4.6,4657,
Grand Advance Supermarket,"272 Grand Street, New York",40.718072,-73.992842,4.4,9,
City Acres Market,"11 Broadway, Brooklyn",40.71099389999999,-73.9682784,4.1,697,
Key Food Supermarkets,"492 Myrtle Avenue, Brooklyn",40.6933444,-73.9652167,4.1,776,40.0
Frankels Kosher Market,"192 Clymer Street, Brooklyn",40.7071577,-73.9622196,4.6,136,
Peg Leg Woodshop,"54 Franklin Avenue, Brooklyn",40.6974946,-73.9593344,4.0,1,
Brooklyn Fare,"666 Greenwich Street, New York",40.7321288,-74.00789739999999,4.4,469,
Whole Foods Market,"238 Bedford Avenue, Brooklyn",40.71614090000001,-73.9597096,4.3,2859,
Shop Fair of Williamsburg,"385 Broadway, Brooklyn",40.7073543,-73.95437199999999,3.8,182,
City Fresh Market - Bushwick,"229 Knickerbocker Avenue #2401, Brooklyn",40.7029747,-73.9255093,4.2,919,
Western Beef Supermarket,"47-05 Metropolitan Avenue, Ridgewood",40.71419379999999,-73.9198147,4.1,1909,
FOOD BAZAAR,"1102 Myrtle Avenue, Brooklyn",40.6966458,-73.93626189999999,4.2,3112,
Key Food Supermarkets,"224 McGuinness Boulevard, Brooklyn",40.72990710000001,-73.950973,4.2,703,61.0
FOOD BAZAAR,"1590 Gates Avenue, Ridgewood",40.70072100000001,-73.910724,4.3,7562,
CTown Supermarkets,"346 Central Avenue, Brooklyn",40.6948126,-73.9198891,3.6,271,
Green Corner Fish & Farmers Market,"801 Flushing Avenue, Brooklyn",40.7012598,-73.9406714,4.2,1115,
Bravo Supermarkets,"844 Dekalb Avenue, Brooklyn",40.6922431,-73.9419881,3.9,424,
Mr.Kiwi,"957 Broadway, Brooklyn",40.6969004,-73.9348648,4.4,652,
Premier Food Fresh Market,"1165 Broadway, Brooklyn",40.693147,-73.92778799999999,3.3,449,
Trader Joe's,"9030 Metropolitan Avenue, Rego Park",40.7109939,-73.8581298,4.4,5959,
ALDI,"61-11 Junction Boulevard, Rego Park",40.7335112,-73.8630979,4.2,4335,
SkyFoods-Elmhurst,"7955 Albion Avenue, Elmhurst",40.73960140000001,-73.8837114,4.0,606,
Ideal Food Basket of Glendale,"67-16 Myrtle Avenue, Ridgewood",40.7014547,-73.8853498,3.9,306,
Key Food Supermarkets,"92-02 63rd Drive, Flushing",40.7275261,-73.86381399999999,4.1,503,132.0
Biedronka,"60-15 Myrtle Avenue, Flushing",40.7007523,-73.8977483,4.3,146,
Vitelio's Marketplace (Key Food),"1883 Madison Street, Queens",40.70396530000001,-73.9044454,3.9,203,
Food Universe Marketplace,"66-82 Fresh Pond Road, Ridgewood",40.7062605,-73.8971382,4.5,209,
REGO FRESH MARKETPLACE,"63-76 Woodhaven Boulevard, Rego Park",40.7223739,-73.8679269,3.6,168,
Fresh Value Marketplace,"9507 63rd Drive, Rego Park",40.7297385,-73.8628899,4.1,228,
CTown Supermarkets,"94-06 63rd Drive, Rego Park",40.72877489999999,-73.8628252,4.0,252,
Foodtown of Bushwick,"1291 Broadway, Brooklyn",40.6909383,-73.92412790000002,4.1,1523,
Moore Street Market,"110 Moore Street, Brooklyn",40.70368909999999,-73.9410911,4.4,355,
Village Barn Fresh Market,"80-05 Caldwell Avenue, Middle Village",40.725844,-73.87944,4.3,492,
Bravo Supermarkets,"785 Grand Street, Brooklyn",40.7120409,-73.941713,3.9,241,
Aron's Kissena Farms,"72-15 Kissena Boulevard, Flushing",40.7281381,-73.8140665,4.3,1429,
Seasons Queens - Kosher Supermarket,"68-18 Main Street, Flushing",40.7326732,-73.82539129999999,4.3,878,
Key Food Marketplace,"155-15 Aguilar Avenue, Flushing",40.7285856,-73.81293780000001,4.0,1162,
Ideal Food Basket,"148-40 Hillside Avenue, Jamaica",40.70623399999999,-73.80747660000002,4.1,395,
Vitelio's Marketplace,"11615 Metropolitan Avenue, Jamaica",40.7074433,-73.8354877,3.8,322,
Foodtown of Rego Park,"97-36 63rd Road, Rego Park",40.7313889,-73.8594444,3.9,572,
Bravo Supermarkets,"109-08 Jamaica Avenue, Richmond Hill",40.6958337,-73.8383916,3.5,168,
Key Food Supermarkets,"116-34 Queens Boulevard, Forest Hills",40.7152028,-73.8329444,3.9,500,92.0
Cipollina Gourmet Italian Market,"116-09 Queens Boulevard, Forest Hills",40.7161684,-73.8330756,4.5,400,
Foodtown of Forest Hills,"110-44 Queens Boulevard, Forest Hills",40.719216,-73.839685,4.2,790,
Key Food Supermarkets,"108-27 Queens Boulevard, Forest Hills",40.7213225,-73.8427793,3.7,513,44.0
FOOD BAZAAR,"58-01 Junction Boulevard, Elmhurst",40.735691,-73.86504649999999,4.2,1443,
Key Food Supermarkets,"105-35 64th Road, Forest Hills",40.73241549999999,-73.85026719999999,3.9,541,127.0
Key Food Supermarket,"148-35 Jamaica Avenue, Jamaica",40.70199760000001,-73.8057242,4.0,987,
Shop Fair of Jamaica,"153-30 89th Avenue, Jamaica",40.7052503,-73.802764,3.9,162,
Wasserman Supermarket,"72-51 Main Street, Flushing",40.72511,-73.82070399999999,4.4,341,
Ferreira Foodtown of Parsons Blvd. - Supermarket,"84-05 Parsons Boulevard, Jamaica",40.71403599999999,-73.806995,4.0,988,
Great Wall Supermarket,"59-16 99th Street, Corona",40.7366832,-73.8593831,4.2,1200,
Ideal Food Basket,"8930 Sutphin Boulevard, Jamaica",40.7029676,-73.8087302,4.3,1017,
FOOD BAZAAR,"97-27 57th Avenue, Corona",40.7378299,-73.8627224,4.4,2536,
Ideal Food Basket,"108-02 Otis Avenue, Corona",40.7411305,-73.8536086,4.1,318,
Vitelio's Marketplace,"7176 Yellowstone Boulevard, Forest Hills",40.72091380000001,-73.85561560000001,4.1,541,
Trade Fair Supermarket,"130-10 Metropolitan Avenue, Richmond Hill",40.70324129999999,-73.82163249999999,4.0,1851,
Queens Health Emporium,"15901 Horace Harding Expressway, Fresh Meadows",40.738984,-73.80910709999999,4.4,523,
Fine Fare Supermarkets,108-30 Merrick Boulevard,40.6972309,-73.7858815,3.9,508,
Ideal Food Basket,"175-35 Hillside Avenue, Jamaica",40.7120738,-73.7868672,4.3,1247,
Bismillah Supermarket,"181-06 Hillside Avenue, Jamaica",40.7129744,-73.78140309999999,3.9,496,
Chang Xin Foods Market,"16721 Union Turnpike, Flushing",40.7230327,-73.8004139,3.8,272,
Associated Fresh Marketplace,"70-63 Parsons Boulevard, Flushing",40.73066850000001,-73.8103271,3.6,335,
Fresh Meadows Natural,"6974 188th Street, Fresh Meadows",40.7332992,-73.78373119999999,4.1,332,
IOG Supermarket,"19525 69th Avenue, Fresh Meadows",40.7375371,-73.7778806,3.8,1041,
bp,"212-01 Hillside Avenue, Jamaica",40.725003,-73.7540987,3.9,30,
Key Food Supermarkets,"87-25 Lefferts Boulevard, Richmond Hill",40.6991081,-73.8302307,3.9,1144,74.0
Key Food Supermarket,"171-11 Linden Boulevard, Jamaica",40.6919609,-73.778628,3.9,75,
bp,"117 Springfield Boulevard, Cambria Heights",40.69593029999999,-73.7434588,3.3,11,
Foodtown of Hollis,"202-15 Hillside Avenue, Hollis",40.7206862,-73.76164159999999,4.0,1763,
bp,"119-01 Atlantic Avenue, Richmond Hill",40.69438299999999,-73.82796600000002,2.7,18,
CTown Supermarkets,"110-14 Farmers Boulevard, St. Albans",40.7027945,-73.7669841,3.8,450,
Premium Supermarket - Jamaica,"168-07 Hillside Avenue, Jamaica",40.7103,-73.7945333,3.8,941,
CTown Supermarkets,"81-29 Lefferts Boulevard, Kew Gardens",40.7086042,-73.8302983,3.8,225,
CTown Supermarkets,"169-15 Hillside Avenue, Jamaica",40.711163,-73.7926114,4.0,837,
Key Food Supermarkets,"183-14 Hillside Avenue, Jamaica",40.713833,-73.77821089999999,4.1,848,16.0
Key Food Supermarkets,"79-15 Main Street, Flushing",40.7184986,-73.8167823,4.0,1102,-42.0
Key Food Supermarkets,"220-46 Hillside Avenue, Queens Village",40.7309718,-73.7421659,3.8,725,105.0
Western Beef Supermarket,"1717 Old, Dutch Broadway, Elmont",40.6878184,-73.7055797,4.0,681,
Key Food,"213-22 Jamaica Avenue, Queens Village",40.7160793,-73.7437896,4.0,826,
Foodtown of Bellerose,"250-04 Jericho Turnpike, Bellerose",40.7262596,-73.7156011,4.0,504,
Patel Brothers,"251-08 Hillside Avenue, Queens",40.7355077,-73.7162418,4.2,1599,
FARMBRIA by FOOD BAZAAR,"217-20 Linden Boulevard, Cambria Heights",40.6954177,-73.74198109999999,4.1,2900,
CTown Supermarkets,"167 Tulip Avenue, Floral Park",40.72422549999999,-73.7025939,4.3,173,
CTown Supermarkets,"29 Village Avenue, Elmont",40.6956125,-73.7151186,4.0,463,
Food Universe Marketplace,"222-51 Jamaica Avenue, Queens Village",40.72166219999999,-73.7313842,4.0,890,
Key Food Supermarkets,"214-14 73rd Avenue, Oakland Gardens",40.74024399999999,-73.7595992,3.8,484,81.0
CTown Supermarkets,"195-09 Jamaica Avenue, Jamaica",40.7134638,-73.76567279999999,3.4,311,
Compare Foods of Hollis,"206-16 Hollis Avenue, Queens Village",40.707223,-73.75049729999999,3.9,174,
Fine Fare Supermarkets,"199-11 Hollis Avenue, St. Albans",40.7063889,-73.75805559999999,3.8,406,
John's Farm Market,"112-55 Farmers Boulevard, St. Albans",40.6995633,-73.76298059999999,4.3,469,
CTown Fresh Supermarket,"218-51 Hempstead Avenue, Queens Village",40.71363059999999,-73.73636619999999,3.9,229,
Jamaica Food Corporation,"19034 Jamaica Avenue, Hollis",40.7123463,-73.768625,3.6,14,
Food Farm,"89-61 Francis Lewis Boulevard, Jamaica",40.71846600000001,-73.757103,3.7,23,
bp,"196-29 Hillside Avenue, Hollis",40.7182424,-73.7660697,3.5,91,
Khaamar Baari,"183-17 Hillside Avenue, Jamaica",40.714192,-73.778249,4.3,58,
Parasram's WI Market,"17707 Jamaica Avenue, Jamaica",40.7081037,-73.7835216,4.0,99,
Walker Supermarket,"17707 Jamaica Avenue, Jamaica",40.7081919,-73.7835769,2.7,83,
Al - Fattah Food Bazar,"18002 Hillside Avenue, Jamaica",40.7129075,-73.7821919,5.0,1,
John's Farm Market,"216-20 Hillside Avenue, Queens Village",40.7277415,-73.7475702,4.2,1241,
Ferreira Foodtown of Jamaica,"173-09 Jamaica Avenue, Jamaica",40.708136,-73.786616,3.9,321,
CTown Supermarkets,"108-54 Guy R Brewer Boulevard, Jamaica",40.6950899,-73.7905292,3.8,146,
ALDI,"92-29 168th Street, Jamaica",40.7050851,-73.7915333,4.2,288,
Seabra Foods Kearny,"180 Schuyler Avenue, Kearny",40.7549961,-74.1446035,4.3,1270,
Seabra Foods Harrison,"429 Bergen Street, Harrison",40.7428131,-74.1547865,4.2,1152,
Food Depot,"23 Kearny Avenue, Kearny",40.7534996,-74.1570364,4.2,641,
Super Foodtown of North Arlington,"1 Schuyler Avenue, North Arlington",40.7783964,-74.13087329999999,4.0,1212,
FOOD BAZAAR,"1425 John F. Kennedy Boulevard, North Bergen",40.7645326,-74.0441495,4.4,4479,
D-Mart Supermarket,"3000 John F. Kennedy Boulevard, Jersey City",40.7354996,-74.0628847,3.9,1010,
Cherlize Supermarket ( By Work Place),"Libella Court, Newark",40.73494230000001,-74.13982080000001,4.2,51,
bp,"3530 John F. Kennedy Boulevard, Jersey City",40.7524059,-74.05218649999999,3.1,48,
Jaritza Supermarket,"1085 Summit Avenue A, Jersey City",40.7518488,-74.0485177,4.4,58,
Newark Super Market,"515 Newark Avenue, Jersey City",40.7300747,-74.0555822,3.7,39,
Anthony Supermarket,"288 Kearny Avenue, Kearny",40.7609,-74.15030000000002,4.6,104,
Gabriel’s Market,"508 Central Avenue, Jersey City",40.751899,-74.0450978,4.3,24,
Fine Fare Supermarkets,"601 4th Street, Union City",40.7551067,-74.0424081,4.1,680,
Xtra Super Farm inc,"783 Kearny Avenue, Kearny",40.7790109,-74.14116299999999,4.7,12,
La Economic Mini Market,"213 Frank E Rodgers Boulevard North, Harrison",40.7485045,-74.156575,4.7,13,
Harrison Supermarket,"414 Frank E Rodgers Boulevard North, Harrison",40.7498159,-74.1572231,4.1,142,
Seabra Foods Ferry Plaza,"281-285 Ferry Street, Newark",40.7272019,-74.1492153,4.3,800,
Brothers Supermarket & Liquor,"311 Harrison Avenue, Harrison",40.7461478,-74.157591,4.3,271,
Whole Foods Market,"250 7th Avenue, New York",40.7449592,-73.99529129999999,4.2,2940,
The Food Emporium,"452 West 43rd Street, New York",40.7598426,-73.994374,3.6,985,
Kings Food Markets,"1212 Shipyard Ln, Hoboken",40.7517868,-74.0251464,3.9,293,
Brooklyn Fare,"431 West 37th Street, New York",40.75612259999999,-73.9964617,4.5,545,
Boxed Market (Formerly MaxDelivery),"318 West 39th Street, New York",40.75562479999999,-73.9924147,4.9,1453,
ShopRite of Hoboken,"900 Madison Street, Hoboken",40.7495489,-74.0364407,4.3,2849,
ACME Markets,"614 Clinton Street, Hoboken",40.74533999999999,-74.03388660000002,4.0,759,
Tropical Supermarket,"1208 New York Avenue, Union City",40.759721,-74.03563799999999,4.0,113,
Trader Joe's,"1350 Willow Avenue, Hoboken",40.7536747,-74.02994919999999,4.6,2989,
bp,"2501 Tonnelle Avenue, North Bergen",40.7726262,-74.0425242,3.0,39,
ALDI,"2819 John F. Kennedy Boulevard, North Bergen",40.7734549,-74.0369027,4.4,2171,
City Fresh Market,"518 32nd Street, Union City",40.7727587,-74.02956809999999,4.2,1012,
ShopRite of Columbia Park,"3147 John F. Kennedy Boulevard, North Bergen",40.7766117,-74.0350644,4.3,2572,
Los Hermanos Supermarket,"2606 Bergenline Avenue, Union City",40.76904589999999,-74.0314149,4.3,194,
Hudson Market,"303 10th Avenue, New York",40.7507129,-74.00228919999999,3.9,306,
Gristedes,"225 9TH AVE, West 24th Street, New York",40.7470808,-74.0011597,3.3,216,
Ideal Marketplace,"317 9th Avenue, New York",40.7500302,-73.99897399999999,4.1,798,
La Placita Supermarket,"152 48th Street, Union City",40.7800093,-74.01767269999999,4.3,751,
Sunac Natural Market | Midtown west Deli | Supermarket,"600 West 42nd Street, New York",40.7607137,-73.9987215,4.3,1202,
Super Supermarket,"5208 Palisade Avenue, West New York",40.7833817,-74.01749029999999,4.2,99,
Dainobu,"498 6th Avenue, New York",40.7363306,-73.9973528,4.5,545,
Gristedes,"3 Sheridan Square, New York",40.7330766,-74.0024442,3.6,167,
Fiesta Supermarket,"5500 Bergenline Avenue, West New York",40.785531,-74.01851400000001,4.0,498,
Fairway Market of Chelsea,"766 6th Avenue, New York",40.7445028,-73.99142499999999,4.2,2044,
Gristedes,"225 8th Avenue, New York",40.74445300000001,-73.99954199999999,3.6,259,
La Roca Supermarket,"4416 Bergenline Avenue, Union City",40.779069,-74.02363299999999,4.2,1479,
bp,"1400 Park Avenue, Hoboken",40.753987,-74.02898499999999,2.2,59,
Bergenline Marketplace,"1911-13 Bergenline Avenue, Union City",40.7645943,-74.0346789,4.1,238,
Fine Fare Supermarkets,"426 33rd Street, Union City",40.7726674,-74.0283316,4.1,391,
Whole Foods Market,"10 Columbus Circle Ste Sc101, New York",40.7685526,-73.9831866,4.3,4012,
Trader Joe's,"2073 Broadway, New York",40.77856389999999,-73.98231419999999,4.5,5802,
The Food Emporium & Amish Kitchen,"810 8th Avenue, New York",40.7617385,-73.98619040000001,4.0,1495,
Whole Foods Market,"226 East 57th Street, New York",40.7595913,-73.9663198,4.2,2690,
Fairway Market of 74th Street,"2131 Broadway, New York",40.78076530000001,-73.9816666,4.2,2218,
Westerly Natural Market,"911 8th Avenue, New York",40.7650276,-73.98444049999999,4.3,496,
Sunrise Mart 日系スーパー,"12 East 41st Street, New York",40.752353,-73.9807056,4.4,370,
Morton Williams Supermarkets,"908 2nd Avenue, New York",40.7537722,-73.9690028,4.1,1089,
MORTON WILLIAMS SUPERMARKETS,"140 West 57th Street, New York",40.7647437,-73.97891659999999,4.3,1180,
Dainobu,"129 East 47th Street, New York",40.754571,-73.973164,4.6,522,
Foodcellar Market,"4-85 47th Road, Long Island City",40.7455501,-73.9563318,3.8,569,
Amish Market,"731 9th Avenue, New York",40.7633251,-73.9894255,4.4,875,
Grace's Marketplace,"1299 2nd Avenue, New York",40.7663579,-73.960295,4.1,313,
Pioneer Supermarket,"289 Columbus Avenue, New York",40.7784503,-73.97783,4.0,443,
Dainobu,"36 West 56th Street, New York",40.7629326,-73.9763289,4.5,607,
Ernest Klein & Co's Gourmet Food,"1366 6th Avenue, New York",40.76320349999999,-73.97774369999999,4.1,397,
D'Agostino Supermarkets Inc,"528 3rd Avenue, New York",40.7466233,-73.9777376,3.6,343,
FOOD BAZAAR,"57-01 Broadway, West New York",40.7852082,-74.0130278,4.2,3516,
D'Agostino at 53rd Street,"966 1st Avenue, New York",40.7558262,-73.9643589,3.8,133,
Gristedes,"907 8th Avenue, New York",40.7647713,-73.9845185,3.8,477,
D'Agostino at 80th & York,"1507 York Avenue, New York",40.7720175,-73.9502899,3.3,316,
Gristedes,"25 Waterside Plaza, New York",40.7375525,-73.9737789,2.2,25,
D'agostino Supermarkets Inc,"341 3rd Avenue, New York",40.74025909999999,-73.9818792,3.2,190,
H Mart,"38 West 32nd Street 2nd floor, New York",40.74778149999999,-73.9874038,4.3,4074,
jacks. - W 40th St,"223 West 40th Street, New York",40.7553548,-73.98904019999999,4.3,928,
Fairway Market of 86th Street,"240 East 86th Street, New York",40.7780058,-73.9527497,4.1,2338,
Key Food Supermarket,"42-15 30th Avenue, Astoria",40.7629444,-73.9126028,3.9,509,
bp,"36-42 21st Street, Long Island City",40.759004,-73.9379888,3.2,30,
Rio Market Inc,"32-15 36th Avenue, Astoria",40.75606729999999,-73.928225,4.5,1456,
Titan Foods,"2556 31st Street, Astoria",40.769288,-73.91928039999999,4.6,1758,
Patel Brothers,"37-27 74th Street, Jackson Heights",40.74807699999999,-73.89153999999999,4.4,4140,
Trade Fair Supermarket,"22-20 36th Avenue, Long Island City",40.7590992,-73.93558139999999,3.8,905,
Cherry Valley Marketplace,"1968 2nd Avenue, New York",40.7874647,-73.9443082,4.1,1445,
City Fresh Market,"2115 Broadway, Astoria",40.76546,-73.930357,4.0,709,
Gristedes,"1644 York Avenue, New York",40.7762619,-73.94649849999999,3.4,154,
Trade Fair,"30-08 30th Avenue, Astoria",40.7668959,-73.9220436,4.0,1434,
Euro Market,"30-42 31st Street, Astoria",40.76593099999999,-73.922534,4.4,567,
Apna Bazaar Cash & Carry,"7220 37th Road, Jackson Heights",40.7486346,-73.8930779,3.2,165,
Carniceria La Risaralda,"91-04 37th Avenue, Jackson Heights",40.7505026,-73.8757961,4.2,330,
Bravo Supermarkets,"90-30 Roosevelt Avenue, Jackson Heights",40.7483173,-73.875551,4.0,265,
CTown Supermarkets,"85-08 37th Avenue, Jackson Heights",40.7499232,-73.8811569,3.9,391,
Mina Bazaar Supermarket,"7110 35th Avenue, Jackson Heights",40.75059630000001,-73.8944916,3.9,84,
Nadine Food Corporation,"99-10 Astoria Boulevard, Flushing",40.7617846,-73.8702094,3.5,2,
Food Dynasty Supermarkets,"6209 Roosevelt Avenue, Woodside",40.74589270000001,-73.90178949999999,4.0,88,
Bravo Supermarkets,"39-07 65th Place, Woodside",40.74574179999999,-73.8988663,4.2,99,
Food Dynasty,"75-07 37th Avenue, Jackson Heights",40.7493188,-73.89048319999999,4.0,493,
Key Food Supermarkets,"86-02 Northern Boulevard, Jackson Heights",40.7558564,-73.8812971,4.1,379,37.0
Green Tara Supermarket,"45-62 48th Street, Woodside",40.7411689,-73.91737959999999,3.6,168,
FOOD BAZAAR,"42-02 Northern Boulevard, Long Island City",40.75212489999999,-73.921528,4.5,5901,
Fine Fare Supermarkets,"4125 102nd Street, Flushing",40.7479296,-73.8631422,4.1,198,
Trade Fair,"89-02 37th Avenue, Jackson Heights",40.75029499999999,-73.87759,4.1,832,
Met Fresh & Organic,"3414 Steinway Street, Astoria",40.7563544,-73.921392,3.9,9,
bp,"40-08 30th Avenue, Astoria",40.763531,-73.914562,3.2,24,
FOOD BAZAAR,"34-20 Junction Boulevard, Jackson Heights",40.75415259999999,-73.8726421,4.4,4806,
Trade Fair Supermarket,"79-14 21st Avenue, East Elmhurst",40.77054,-73.8903335,3.8,129,
Key Food Urban Marketplace,"32-21 Newtown Avenue, Astoria",40.76661299999999,-73.9198074,4.2,833,
Key Food Supermarkets,"30-13 36th Avenue, Astoria",40.7567969,-73.9298985,3.8,366,91.0
bp,"30-02 Astoria Boulevard, Astoria",40.7701151,-73.91895699999999,3.7,42,
CTown Supermarkets,"108-79 Roosevelt Avenue, Corona",40.75170449999999,-73.8562128,3.8,370,
Cherry Valley Marketplace,"94-53 Corona Avenue, Elmhurst",40.7424838,-73.8681798,4.3,580,
Pioneer Supermarkets,"10209 Northern Boulevard, Corona",40.7577298,-73.86616409999999,4.0,115,
Bravo Supermarkets,"24-18 34th Avenue, Long Island City",40.7611912,-73.9310974,4.0,317,
bp,"49 01 Van Dam Street, Long Island City",40.739412,-73.93437329999999,2.7,24,
City Fresh Market,"39-07 103rd Street, Corona",40.75046090000001,-73.8628713,4.3,281,
Sea Town Fish & Farmers Market,"103-25 Roosevelt Avenue, Corona",40.7501109,-73.8620528,4.2,668,
Ideal Food Basket,"99-30 Corona Avenue #65, Corona",40.7438254,-73.86221359999999,4.3,670,
bp,"107-10 Astoria Boulevard, East Elmhurst",40.7604098,-73.8620086,3.2,39,
CIBO Express Gourmet Market,"LaGuardia Airport, Terminal C, East Elmhurst",40.77086449999999,-73.8649734,1.7,53,
Phil-Am Food Mart,"4003 70th Street, Woodside",40.74628329999999,-73.895275,4.5,418,
Hanyang Mart,"150-51 Northern Boulevard, Flushing",40.765274,-73.81334690000001,3.7,1734,
SkyFoods Supermarket,"40-24 College Point Boulevard, Flushing",40.757229,-73.8356575,4.0,1331,
Jmart,"136-20 Roosevelt Avenue, Flushing",40.7590799,-73.8296876,4.0,2218,
H Mart Union,"29-02 Union Street, Flushing",40.7720996,-73.8269108,4.2,2052,
Subzi Bazaar,"42-92 Main Street, Flushing",40.752754,-73.82726,4.2,763,
bp,"26-27 College Point Boulevard, Flushing",40.773587,-73.845807,3.6,77,
bp,"4904 College Point Boulevard, Flushing",40.75208889999999,-73.83262119999999,3.6,125,
GW Supermarket,"41-79 Main Street, Flushing",40.75590589999999,-73.82817949999999,3.9,784,
City Fresh Market,"122-17 20th Avenue, College Point",40.7818337,-73.8452769,4.4,157,
Gold City Supermarket,"46-31 Kissena Boulevard, Flushing",40.7502386,-73.8179222,3.6,1001,
Chung Fat Supermarket,"41-82 Main Street, Flushing",40.7555865,-73.8286305,3.6,668,
ShopRite of 20th Ave.,"133-11 20th Avenue, College Point",40.78322000000001,-73.83510609999999,4.3,2824,
New Age Market,"160-06 Northern Boulevard, Flushing",40.7626212,-73.8054181,3.7,754,
H Mart Northern 156,"156-40 Northern Boulevard, Flushing",40.7631143,-73.8090713,3.7,283,
bp,"218-01 Northern Boulevard, Bayside",40.76143099999999,-73.76336409999999,2.9,44,
Key Food Supermarkets Whitestone,"153-55 Cross Island Parkway, Whitestone",40.7883333,-73.8097222,2.9,101,
Key Food Marketplace,"35-09 Francis Lewis Boulevard, Flushing",40.7642489,-73.78721999999999,3.8,788,
bp,"204-12 Northern Boulevard, Bayside",40.7576633,-73.77853879999999,3.5,116,
bp,"2916 Francis Lewis Boulevard, Flushing",40.7697353,-73.7928944,3.6,32,
Foodtown of Bayside,"47-33 Bell Boulevard, Bayside",40.7559637,-73.7668642,4.1,657,
Great Wall Supermarket,"144-50 Northern Boulevard, Flushing",40.76469999999999,-73.8215944,3.8,928,
Greek Food Emporium,"1252 150th Street, Whitestone",40.7893707,-73.81416209999999,4.6,67,
Bayside Milk Farm,"35-15 Bell Boulevard, Bayside",40.7685474,-73.7731793,4.5,449,
Good Fortune Supermarket,"42-76 Main Street #2c, Flushing",40.7530045,-73.8275228,3.1,70,
Zhong US Supermarket Inc,"5911 Main Street, Flushing",40.7433982,-73.8253886,3.4,498,
National Supermarket Association,"30-50 Whitestone Expressway suite 301, College Point",40.7703521,-73.83663360000001,4.9,8,
Hua Lian Supermarket,"25-03 Parsons Boulevard, Flushing",40.7763889,-73.8236111,3.9,1129,
North Shore Farms Whitestone,"153-01 10th Avenue, Whitestone",40.7944448,-73.80787529999999,4.5,814,
Marino's Supermarket,"16307 29th Avenue, Flushing",40.77125350000001,-73.80128069999999,4.5,456,
Carmel Grocery,"64-27 108th Street, Forest Hills",40.732294,-73.84887810000001,4.7,313,
Key Food Supermarkets,"164-5 69th Avenue, Flushing",40.7333248,-73.8044724,3.9,641,131.0
A To Z Glatt Kosher Supermarket,"18605 Union Turnpike, Flushing",40.7289174,-73.7827028,4.3,247,
Marino’s Supermarket,"46-07 Hollis Court Boulevard, Flushing",40.753146,-73.7920184,4.7,225,
Hua Lian Supermarket,"193-01 Northern Boulevard, Flushing",40.7581723,-73.7879579,3.6,23,
Lidl,"Horace Harding Expressway #187-04, Fresh Meadows",40.7401498,-73.7873604,3.7,78,
韩国超市,"46-40 Francis Lewis Boulevard, Flushing",40.7537844,-73.78132649999999,3.5,2,
Happy Fruits,"44-39 Kissena Boulevard, Flushing",40.7531589,-73.8215958,4.8,4,
FOOD BAZAAR,"242-02 61st Avenue, Douglaston",40.7547747,-73.73987170000001,4.1,2492,
North Shore Farms,"90 Horace Harding Boulevard, Great Neck",40.7688061,-73.7218518,4.3,271,
bp,"77-40 Hewlett Street, Queens",40.752771,-73.702399,2.8,29,
H Mart Great Neck,"495 Great Neck Road, Great Neck",40.7749067,-73.7328251,4.1,457,
Charles Scaturro & Sons,"25801 Hillside Avenue, Queens",40.7373296,-73.7101315,5.0,2,
Amoco,"31 Northern Boulevard, Great Neck",40.7734044,-73.7334872,3.7,60,
New Mart / Fresh Korean produce and groceries,"221-16 Horace Harding Expressway, Oakland Gardens",40.7491042,-73.7557652,4.0,313,
Holiday Farms Supermarket,"61-46 Springfield Boulevard, Oakland Gardens",40.74786330000001,-73.7562418,3.9,410,
ampm,"218-01 Northern Boulevard, Bayside",40.7614022,-73.7637232,2.1,18,
New Nature Farm Supermarket Corp 家缘超市,"249-26 Horace Harding Expressway, Little Neck",40.760663,-73.730851,3.9,341,
The Food Emporium,"196-35 Horace Harding Expressway, Fresh Meadows",40.7445238,-73.7774998,4.1,750,
Walfood Supermarket,"39-20 Bell Boulevard, Bayside",40.7647042,-73.7718975,3.5,145,
Little Neck Supermarket 好邻居超市,"254-27 Horace Harding Expressway, Little Neck",40.7650421,-73.72591369999999,3.8,87,
bp,"241-15 Hillside Avenue, Jamaica",40.733955,-73.7248939,2.9,48,
bp,"252-02 Union Turnpike, Queens",40.7437084,-73.7178993,2.9,28,
Lidl,"259-01 Union Turnpike, Glen Oaks",40.746768,-73.7133243,4.2,42,
FRESH MEADOWS FOOD MART,"6974 188th Street, Fresh Meadows",40.7333138,-73.7836677,4.0,43,
Premium Supermarket - Glen Oaks,"25611 Hillside Avenue, Queens",40.73692140000001,-73.7113147,3.7,327,
Nba Glatt Market,"185-02 Union Turnpike, Flushing",40.72823799999999,-73.783198,4.6,31,
Apna Bazar Cash & Carry,260-04 Hillside Avenue,40.7370751,-73.70802510000001,4.0,1353,
Shop Delight,"4 Welwyn Road #6, Great Neck",40.7872028,-73.72374289999999,4.3,347,
bp,"200 Hillside Avenue, New Hyde Park",40.7399002,-73.6987106,3.5,11,
Shop Fresh Supermarket领鲜超市,"2046 Lakeville Road, New Hyde Park",40.7521023,-73.7006628,4.2,66,
Shalom's Kingdom - Supermarket & Catering,"8002 Surrey Place, Flushing",40.72638389999999,-73.7890178,4.8,25,
The q kosher Supermarket,"176-19 Union Turnpike, Fresh Meadows",40.725714,-73.7926916,4.6,130,
ALDI,"59 New Jersey 17, East Rutherford",40.8313934,-74.0927182,4.3,936,
17 Farmers Market,"17 East Union Avenue, East Rutherford",40.8247675,-74.09531009999999,4.5,893,
ShopRite of Lyndhurst,"540 New York Avenue, Lyndhurst",40.8122943,-74.11872679999999,4.2,2256,
bp,"299 New Jersey 3 E, Clifton",40.828,-74.1356,2.9,25,
ShopRite of Wallington,"375 Paterson Avenue, Wallington",40.8446362,-74.1058193,4.4,2743,
bp,"50 New Jersey 17, Rutherford",40.8216288,-74.1005297,3.6,7,
H Mart American Dream,"1 American Dream Way, East Rutherford",40.8092948,-74.0706715,4.1,191,
Èxito American Dream,"1 American Dream Way, East Rutherford",40.8094502,-74.06692679999999,4.0,1,
Forest Dairy Deli & Liquor,"10 Spring Dell, Rutherford",40.8269444,-74.1038889,3.7,63,
Weee! Asian Grocery,"675 Main Street, Belleville",40.8015352,-74.1422572,2.9,12,
bp,"473 Main Street, Belleville",40.79545890000001,-74.14268969999999,3.1,38,
Green Farmers Market,"101 Plaza Center, Secaucus",40.7915459,-74.0570126,4.2,307,
Lidl,"414 Main Street, Belleville",40.79403,-74.14443,4.3,665,
Target Grocery,"30 Kingsland Road, Clifton",40.8245909,-74.1351901,2.8,8,
Inserra Supermarkets Inc.,"60 Entin Road, Clifton",40.8328967,-74.124214,3.4,7,
Food Depot,"325 Washington Avenue, Belleville",40.7919405,-74.151292,4.3,92,
H Mart Ridgefield,"321 Broad Avenue, Ridgefield",40.8244424,-74.0104123,4.3,1213,
bp,"8012 Tonnelle Avenue, North Bergen",40.8069074,-74.0162951,3.3,50,
Met Fresh of Guttenberg,"6818 Bergenline Avenue, Guttenberg",40.7952475,-74.0113445,4.1,272,
ALDI,"8101 Tonnelle Avenue, North Bergen",40.8076651,-74.0174457,4.5,1449,
Latinos Supermarket,"6418 Hudson Avenue, West New York",40.7909877,-74.00926179999999,4.4,324,
ACME Markets,"19-21 Avenue at Port Imperial, West New York",40.78213799999999,-74.006992,4.0,879,
City Supermarket,"289 Bergen Boulevard, Fairview",40.819725,-74.0014936,4.2,734,
Arirang Kimchi,"102 Remsen Place, Ridgefield",40.83190059999999,-74.0111459,4.2,49,
Extra Supermarket,"5505 Palisade Avenue, West New York",40.78497580000001,-74.01656249999999,4.1,515,
Checo Supermarket,"210 Anderson Avenue, Fairview",40.81552120000001,-73.9955215,4.3,51,
Green Way Markets of West New York,"6411 Park Avenue, West New York",40.7894444,-74.0061111,4.1,695,
Target Grocery,"7101 Tonnelle Avenue, North Bergen",40.8018835,-74.0224652,4.5,47,
AL-SAIDAH SUPERMARKET السعيدة سوبر ماركت,"5122 John F. Kennedy Boulevard, West New York",40.78504660000001,-74.022789,4.5,96,
stop&buy supermarket,"5901 Madison Street, West New York",40.7890376,-74.0180154,4.4,7,
FoodMex,"5500 Bergenline Avenue, West New York",40.7855307,-74.0185135,,0,
Las Palmas Supermarket,"6155 Bergenline Avenue, West New York",40.7911294,-74.01493289999999,4.0,90,
Universal 99¢ & Plus,"6403 Bergenline Avenue, West New York",40.792668,-74.013814,4.1,35,
Mercado Urbano,"6210 Bergenline Avenue, West New York",40.7914555,-74.0142256,4.3,219,
A&D Super Market,"4521 Bergenline Avenue, Union City",40.78005280000001,-74.0232272,4.1,17,
Selectos Supermarket,"6508 Bergenline Avenue, West New York",40.7932401,-74.0127334,4.5,58,
Meat Fresh Supermarket UC,"6818 Bergenline Avenue, Guttenberg",40.79524819999999,-74.0113579,,0,
El Rey Farmer's Market,"6124 Palisade Avenue, West New York",40.78984940000001,-74.0122907,4.4,305,
Selectos Foodmarket,"7425 Bergenline Avenue, North Bergen",40.79917090000001,-74.0089421,4.0,18,
Dollar Fortune,"146 48th Street, Union City",40.7803495,-74.017703,4.4,18,
Latino American Super Market,"7620 Bergenline Avenue, North Bergen",40.8001501,-74.0076626,3.9,76,
Alexis Mini Market,"2600 Central Avenue, Union City",40.7697596,-74.0334196,4.5,40,
Los Precios Supermarket,"2817 Bergenline Avenue, Union City",40.77042879999999,-74.0306032,2.8,6,
5-A Supermarket,"2200 Summit Avenue, Union City",40.7681244,-74.0368958,4.0,4,
Bergenline Supermarket,"8107 Bergenline Avenue, North Bergen",40.8033104,-74.00566859999999,4.3,500,
Tropical Supermarket,"2400 Central Avenue, Union City",40.768532,-74.0343204,4.4,236,
Lidl,"4100 Park Avenue, Weehawken Township",40.77401,-74.02098,4.2,853,
New Deli World Grocery Store,"7004 Broadway, Guttenberg",40.793776,-74.0052571,4.7,7,
KEA GROCERY & DELI,"6108 Park Avenue, West New York",40.7870707,-74.0076349,4.9,10,
Deli & Go Mini Market,"7300 Broadway, North Bergen",40.79539330000001,-74.0038949,5.0,6,
La Casa Supermarket,"6700 Park Avenue, West New York",40.790669,-74.004403,3.6,21,
Benny's Liquors & Supermarket,"7000 Park Avenue, Guttenberg",40.79262949999999,-74.00306590000001,4.3,213,
La Sorpresa Supermarket,"1319 Summit Avenue, Union City",40.7625663,-74.04097689999999,3.9,119,
bp,"100 Woodcliff Avenue, North Bergen",40.80612139999999,-73.997719,3.9,11,
Hanyang Mart,"1 Remsen Place Unit #103, Ridgefield",40.8317236,-74.0107118,3.9,822,
Food Universe Marketplace,"1208 New York Avenue, Union City",40.759721,-74.03563799999999,4.1,46,
La Estrella,"1005 Bergenline Avenue, Union City",40.75851550000001,-74.0384715,4.5,20,
Whole Foods Market,"1400 Waterfront Terrace, Weehawken Township",40.76167519999999,-74.0227719,4.3,948,
Trader Joe's,"715 River Road, Edgewater",40.8196686,-73.9775851,4.6,3411,
Whole Foods Market,"808 Columbus Avenue, New York",40.7939667,-73.9671163,4.2,2667,
Central Markets,"300 West 110th Street, New York",40.8008246,-73.9593431,3.8,323,
Barzini's,"2451 Broadway, New York",40.7913671,-73.9745009,3.5,276,
Key Food Supermarkets,"733 Amsterdam Avenue, New York",40.7935939,-73.97024449999999,3.8,497,-31.0
Garden of Eden Marketplace,"2780 Broadway, New York",40.8022622,-73.96735269999999,4.1,290,
The Kosher Marketplace,"2442 Broadway, New York",40.7909281,-73.9741083,4.4,112,
ACME Markets,"481 River Road, Edgewater",40.8115068,-73.98411279999999,4.1,1416,
Appletree Market,"1225 Amsterdam Avenue, New York",40.80950929999999,-73.95888699999999,3.7,232,
NYC Fresh Market,"1660 Madison Avenue, New York",40.796423,-73.9476263,3.7,191,
Fine Fare Supermarkets,"37 Malcolm X Boulevard, New York",40.7994444,-73.9519871,3.8,472,
Zingone Brothers,"471 Columbus Avenue, New York",40.78421249999999,-73.9735216,4.9,71,
Food Universe Marketplace,"538 West 138th Street, New York",40.8219286,-73.9531796,3.9,682,
Key Food Supermarkets,"530 Amsterdam Avenue, New York",40.7874953,-73.9754212,3.8,238,9.0
FOOD BAZAAR,"425 Anderson Avenue, Fairview",40.8209576,-73.9920935,4.3,3861,
Mitsuwa Marketplace - New Jersey,"595 River Road, Edgewater",40.8161915,-73.98022399999999,4.6,10688,
H Mart,"2828 Broadway, New York",40.8038844,-73.9665046,4.4,1340,
Hudson Market,"601 West 57th Street, New York",40.77077749999999,-73.99157919999999,3.8,256,
Whole Foods Market,"905 River Road, Edgewater",40.8247925,-73.9740028,4.4,1617,
GRAND BAZAAR FOOD,"744 Anderson Avenue, Cliffside Park",40.830191,-73.985445,4.5,309,
The Market @ Mercedes House,"550 West 54th Street, New York",40.7677253,-73.9915642,4.2,144,
D'Agostino at 54th Street,"815 10th Avenue, New York",40.7675399,-73.9900894,3.5,338,
Harlem Fresh Market by Key Food,"421 West 125th Street, New York",40.81214169999999,-73.9548528,3.9,689,
MORTON WILLIAMS SUPERMARKETS,"1211 Madison Avenue, New York",40.78165739999999,-73.9580391,4.1,388,
MORTON WILLIAMS SUPERMARKETS,"917 9th Avenue, New York",40.7689628,-73.9852025,3.9,529,
Cafasso's Fairway Market,"1214 Anderson Avenue, Fort Lee",40.839403,-73.9813053,4.4,930,
D'Agostino,"1074 Lexington Avenue, New York",40.7728383,-73.96074519999999,4.0,235,
bp,"281 Bruckner Boulevard, The Bronx",40.80549440000001,-73.9111623,3.7,49,
CTown Supermarkets,"1016 Saint Nicholas Avenue, New York",40.8350471,-73.9393805,4.1,861,
Food Universe Marketplace,"1187 Jerome Avenue, The Bronx",40.835905,-73.922973,3.9,159,
Fine Fare Supermarkets,"2330 1st Avenue, New York",40.7982278,-73.9335368,3.6,346,
Western Beef Supermarket,"301 Morris Avenue, The Bronx",40.8126472,-73.9264185,4.0,1121,
City Fresh Market,"2212 3rd Avenue #3536, New York",40.80093589999999,-73.9380789,4.1,968,
Foodtown of St. Nicholas Ave,"756 Saint Nicholas Avenue, New York",40.82596029999999,-73.94313919999999,4.1,1205,
FoodFest Depot,"500 East 132nd Street, The Bronx",40.8030905,-73.9211825,4.4,851,
FOOD BAZAAR,"238 East 161st Street, The Bronx",40.8252078,-73.9196679,4.3,3154,
Express Deli Corp,"393 Malcolm X Boulevard, New York",40.810883,-73.9435943,4.1,14,
bp,"115 East 138th Street, The Bronx",40.8137768,-73.9307108,2.9,27,
CTown Supermarkets,"2733 Third Avenue, The Bronx",40.8144757,-73.9213027,3.9,360,
City Fresh Market,"125 East 116th Street, New York",40.7989774,-73.9418024,4.2,792,
Shop Fair of 110th Street,"160 East 110th Street, New York",40.79432000000001,-73.943834,4.1,773,
Whole Foods Market,"100 West 125th Street, New York",40.8076461,-73.9461771,4.2,4321,
125th Street Farmers' Market,"Adam Clayton Powell Jr. State Office Building, 163 West 125th Street, New York",40.8092263,-73.9474304,3.2,6,
City Fresh Market,"235 East 106th Street #4005, New York",40.7911217,-73.9431148,4.1,330,
Pioneer Supermarkets of Harlem,"380 Malcolm X Boulevard, New York",40.81047960000001,-73.9431991,3.8,731,
bp,"2326 1st Avenue, New York",40.79802939999999,-73.9336397,3.3,30,
Foodtown of Frederick Douglas Blvd,"2463 Frederick Douglass Boulevard at, West 132nd Street, New York",40.814659,-73.94812,3.8,573,
ALDI,"517 East 117th Street, New York",40.79516390000001,-73.9314533,4.3,1853,
Key Food Supermarkets,"1769 2nd Avenue, New York",40.78197329999999,-73.9489954,4.0,939,-14.0
Key Food Supermarkets,"592 Malcolm X Boulevard, New York",40.8169438,-73.9384434,3.7,763,40.0
Key Food Supermarkets,"2630 Frederick Douglass Boulevard, New York",40.8196777,-73.9439039,3.9,466,59.0
Whole Foods Market,"1551 3rd Avenue, New York",40.7796707,-73.9529499,4.0,2728,
CTown Supermarkets,"630 East 169th Street, The Bronx",40.8311936,-73.9012711,3.4,144,
bp,"1865 Bruckner Boulevard, The Bronx",40.8262223,-73.86187679999999,3.2,17,
Food Universe Marketplace,"724 Hunts Point Avenue, The Bronx",40.8155092,-73.8865781,4.0,259,
FreshDirect,"2 Saint Ann's Avenue, The Bronx",40.8013096,-73.9192702,3.8,686,
Lucero Produce,"1250 Randall Avenue, The Bronx",40.81162589999999,-73.887901,4.4,220,
Romero Fruit Market,"835 East 152nd Street # 4, The Bronx",40.815314,-73.9040823,4.3,27,
Western Beef Supermarket,"1041 Prospect Avenue, The Bronx",40.825001,-73.9005281,4.0,1047,
Met Foodmarkets of Jackson Ave,"649 Jackson Avenue, The Bronx",40.81561230000001,-73.90850499999999,3.6,381,
Golden Apple Tree Supermarket,"745 Westchester Avenue, The Bronx",40.8178457,-73.9059611,3.6,127,
SuperFresh South Bronx,"459 East 149th Street, The Bronx",40.8154183,-73.9151832,4.2,1157,
ALDI,"3006 Third Avenue, The Bronx",40.8192658,-73.9135694,4.3,3145,
Food Fair Fresh Market,"1065 East 163rd Street, The Bronx",40.8211148,-73.8907638,3.9,490,
Foodtown of Third Avenue,"3100 Third Avenue, The Bronx",40.82151389999999,-73.9119437,3.8,465,
Food Universe Marketplace,"760 Melrose Avenue, The Bronx",40.8209325,-73.9153948,3.8,160,
Key Food Supermarkets,"1050 Westchester Avenue, The Bronx",40.8247759,-73.8913242,3.9,640,19.0
bp,"871 Melrose Avenue, The Bronx",40.82408849999999,-73.91420339999999,2.9,10,
Supermarket Needs Corporation,"1133 Southern Boulevard, The Bronx",40.8272876,-73.8922695,2.5,2,
FOOD BAZAAR,"445 East 163rd Street, The Bronx",40.8259059,-73.9109138,4.4,4475,
Food Universe Marketplace,"3470 Third Avenue, The Bronx",40.8299321,-73.9061108,4.1,325,
SuperFresh Bronx,"1188 Webster Avenue, The Bronx",40.831599,-73.9096276,4.0,448,
Food Universe Marketplace,"1334 Louis Niñé Boulevard, The Bronx",40.83193869999999,-73.8921565,4.1,351,
Western Beef Supermarket,"831 Rosedale Avenue, The Bronx",40.82186709999999,-73.8673161,3.5,445,
Associated Supermarket,"1585 Westchester Avenue, The Bronx",40.8293289,-73.8761087,4.1,905,
Associated Supermarkets of Mount Eden,"206 East 167th Street, The Bronx",40.83374329999999,-73.9165828,3.8,128,
FOOD BAZAAR,"535 East 170th Street #2301, The Bronx",40.835182,-73.9024601,4.2,3017,
Fine Fare Supermarkets,"1221 Fteley Avenue, The Bronx",40.8296674,-73.8721869,4.0,1391,
Pioneer Supermarkets,"2541 Adam Clayton Powell Junior Boulevard, New York",40.823184,-73.9375022,3.8,238,
Fine Fare,"59 East 167th Street, The Bronx",40.8356397,-73.920541,3.9,328,
bp,"3333 East Tremont Avenue, The Bronx",40.835102,-73.83013,3.9,18,
Golden Mango Supermarkets,"2300 Randall Avenue, The Bronx",40.8190041,-73.8446172,4.2,1291,
Key Food Supermarkets,"656 Castle Hill Avenue, The Bronx",40.8201256,-73.8479085,4.0,519,58.0
Met Foodmarkets of Soundview,"769 White Plains Road, The Bronx",40.8215381,-73.8588098,3.8,159,
bp,"1885 Westchester Avenue, The Bronx",40.8330139,-73.863213,2.1,24,
Chang Li Supermarket Inc.,"2079 Benedict Avenue, The Bronx",40.8350839,-73.85535200000001,4.1,898,
Key Food Supermarkets,"1535 Unionport Road, The Bronx",40.8365535,-73.8573784,4.0,393,80.0
Bravo Supermarkets,"1861 - 1869 Archer Street, The Bronx",40.8379856,-73.8643416,4.0,318,
Fine Fare Supermarkets,"1654 Metropolitan Avenue, The Bronx",40.840174,-73.855705,4.0,232,
bp,"91 Westchester Square, The Bronx",40.8408952,-73.8409638,3.9,75,
Super Foodtown of Throgg's Neck,"2945-65 Bruckner Boulevard, The Bronx",40.83436690000001,-73.8267489,4.2,1623,
SuperFresh Castle Hill,"1345 Castle Hill Avenue, The Bronx",40.8352453,-73.85229,3.6,399,
Foodtown of West Ave,"1489 West Avenue, The Bronx",40.83734310000001,-73.8615475,4.1,935,
Fine Fare Supermarkets,"3680 East Tremont Avenue, The Bronx",40.8272471,-73.8231775,3.7,840,
FOOD BAZAAR,"1630 Bruckner Boulevard, The Bronx",40.8226027,-73.87379059999999,4.3,3399,
Key Food Supermarkets,"1511 Metropolitan Avenue, The Bronx",40.83944439999999,-73.8588889,3.9,184,39.0
CTown Supermarkets,"100 Hugh J. Grant Circle, The Bronx",40.8323974,-73.86086569999999,4.0,886,
De Sola Provisions Inc,"355 Food Center Drive # B18, The Bronx",40.80672859999999,-73.8720055,4.0,4,
My Way Supermarket,"200 Soundview Avenue, The Bronx",40.8095237,-73.8551676,4.7,18,
Ai Mart College Point,"132-19 14th Avenue, College Point",40.7873236,-73.8358593,5.0,13,
bp,"128-02 14th Avenue, College Point",40.78520200000001,-73.84001200000002,2.5,24,
Key Food Supermarkets,"15-19 College Point Boulevard, Flushing",40.78361110000001,-73.8455556,3.9,380,-7.0
Taylor Superette Corp,"459 Taylor Avenue, The Bronx",40.81484630000001,-73.861553,4.4,38,
BAHARZ,"20-02 College Point Boulevard, Flushing",40.781568,-73.84611699999999,5.0,1,
Eat Fresh Supermarket,"20-04 College Point Boulevard, College Point",40.7814989,-73.846239,5.0,7,
Food Universe Marketplace,"1757 Randall Avenue, The Bronx",40.8168948,-73.86513819999999,3.9,420,
Target Grocery,"13505 20th Avenue, College Point",40.7837661,-73.83332639999999,4.4,421,
ALDI,"845 White Plains Road, The Bronx",40.82300369999999,-73.8590545,4.3,161,
ShopRite of Bruckner Blvd,"1994 Bruckner Boulevard, The Bronx",40.8241698,-73.8565832,4.3,2737,
Target Grocery,"815 Hutchinson River Parkway, The Bronx",40.82425149999999,-73.8375416,4.5,62,
S&W Supermarket & Deli,"4028 East Tremont Avenue, The Bronx",40.819506,-73.817734,4.2,410,
AR Refrigeration corp,"318 Faile Street, The Bronx",40.8074957,-73.8843103,5.0,1,
Raspberry Farm,"150-15 14th Avenue, Whitestone",40.7892077,-73.8131023,4.1,292,
Sweeney's Grocery Deli & Kitchen,"3136 Miles Avenue, The Bronx",40.8214366,-73.80879910000002,4.3,50,
Met Fresh of Whitestone,"24-11, 24-07 150th Street, Whitestone",40.7768862,-73.8144427,4.3,430,
Lizzie's Supermarket,"3201 Layton Avenue, The Bronx",40.835114,-73.8205172,3.6,100,
H Mart Northern 144,"144-72 Northern Boulevard, Flushing",40.7648194,-73.82091369999999,4.0,395,
Norion Super Market,"3410 Union Street, Flushing",40.7665774,-73.82764829999999,3.3,30,
SeasonFresh Supermarket,"3125 Downing Street, Flushing",40.7685498,-73.83568009999999,3.8,52,
H Mart Roosevelt,"142-41 Roosevelt Avenue, Flushing",40.7610782,-73.8246736,4.2,398,
KW Supermarket,"37-04 Union Street, Flushing",40.7621454,-73.8276262,4.2,80,
Bally 868 Food Market Corporation,"136-91 Roosevelt Avenue, Flushing",40.7605745,-73.8269464,4.1,16,
Fresh Food Market,"589 Middle Neck Road, Great Neck",40.8023826,-73.7356621,3.9,12,
King Kullen,"1430 Northern Boulevard, Manhasset",40.79153819999999,-73.6951121,4.1,808,
Everfresh Supermarket,"533 Middle Neck Road, Great Neck",40.8010374,-73.7347441,4.3,313,
Associated Supermarket of Great Neck,"181 Middle Neck Road, Great Neck",40.79400999999999,-73.733167,3.5,191,
bp,"208 Middle Neck Road, Great Neck",40.794253,-73.7339194,3.9,38,
bp,"1 Plandome Road, Manhasset",40.7930223,-73.69806009999999,2.7,13,
King Kullen Bakery Dept,"1430 Northern Boulevard, Manhasset",40.7915021,-73.6950993,,0,
Trader Joe's,"259 Allwood Road, Clifton",40.83653019999999,-74.15131459999999,4.6,4019,
ShopRite of Lodi,"175 Main Street, Lodi",40.8790996,-74.084924,4.2,2527,
ShopRite of Passaic on Paulison Ave,"503 Paulison Avenue, Passaic",40.86227299999999,-74.1399612,4.2,3158,
SuperFresh,"161 Jefferson Street, Passaic",40.862232,-74.12452499999999,4.2,1143,
CTown Supermarkets,"602 Main Avenue, Passaic",40.8595684,-74.12433109999999,4.2,893,
ALDI,"4 Memorial Drive Suite 1, Lodi",40.8754743,-74.085696,4.4,1184,
ALDI,"56 Lakeview Avenue, Clifton",40.87693029999999,-74.1370484,4.4,2274,
SuperFresh Clifton,"85 Ackerman Avenue, Clifton",40.8775373,-74.12173539999999,3.9,415,
Ema International Food,"278 Parker Avenue, Clifton",40.8771821,-74.1240419,4.8,207,
bp,"226 New Jersey 17, Hasbrouck Heights",40.85791760000001,-74.06842209999999,4.0,22,
J&J Store,"52 Aspen Place, Passaic",40.85960360000001,-74.1217479,3.8,4,
El Mercado De La Ocho,"100 8th Street, Passaic",40.8575872,-74.1096139,4.4,413,
Kathy Super Market,"195 Ackerman Avenue, Clifton",40.8764799,-74.12805279999999,4.5,32,
Biedronka,"501 River Drive 2nd Floor, Garfield",40.8750921,-74.11439759999999,4.6,185,
CTown Supermarkets,"218 Dayton Avenue, Clifton",40.8754672,-74.1220922,4.1,822,
Kosher Konnection,"200 Main Avenue, Passaic",40.8458959,-74.1273269,4.6,207,
Biedronka,"5 Locust Avenue, Wallington",40.8502152,-74.1142218,3.9,92,
Cholula mini market,"124 Passaic Street, Passaic",40.8624958,-74.11374169999999,5.0,2,
M.A.C Supermarket Inc,"61 4th Street, Passaic",40.8634394,-74.114806,4.3,56,
bp,"39 Monroe Street, Passaic",40.868318,-74.116906,2.5,21,
El Proyecto Supermarket,"44 Aspen Street, Passaic",40.8603036,-74.12212939999999,3.5,6,
ABC Supermarket,"303 Passaic Street, Passaic",40.86076200000001,-74.122339,3.6,11,
A & C Supermarket,"170 Market Street, Passaic",40.8675204,-74.1170133,5.0,4,
E T Supermarkets,"170 Market Street, Passaic",40.8675266,-74.11700789999999,4.2,13,
SuperBueno SuperMarket,"32 Monroe Street, Passaic",40.8684962,-74.116512,5.0,7,
Speedy D Supermarket,"247 Midland Avenue, Garfield",40.8730556,-74.10447959999999,5.0,2,
City Fresh Market,"55 Broadway, Passaic",40.8596212,-74.12855189999999,4.4,8,
El Bodegon supermarket,"119 Broadway, Passaic",40.8588639,-74.1299444,3.8,17,
P & M Supermarket,"263 Monroe Street, Passaic",40.865315,-74.1250063,5.0,2,
El Ideal Supermarket,"269 Monroe Street, Passaic",40.86513180000001,-74.12534939999999,4.4,32,
El Especial Supermarket,"278 Monroe Street, Passaic",40.8653409,-74.125877,4.7,71,
Plaza Mexico,"297 Monroe Street, Passaic",40.8645107,-74.12673199999999,4.2,891,
iFood Smartket,"137 Hope Avenue, Passaic",40.867928,-74.123356,,0,
EJ Concessions,"217 Brook Avenue, Passaic",40.8424333,-74.1339625,,0,
Amazon Fresh,"2 Memorial Drive, Lodi",40.87477709999999,-74.08635389999999,3.5,93,
Dominicanas Supermarket,"181 Hope Avenue, Passaic",40.8694739,-74.124464,4.0,6,
Aisle One Kosher,"217 Brook Avenue, Passaic",40.8421435,-74.1346528,4.9,394,
Bravo Supermarkets,"218 Dayton Avenue, Clifton",40.8754672,-74.1220922,4.8,18,
KB Supermarket,"924 Main Avenue, Passaic",40.86888099999999,-74.133161,4.7,54,
Food Universe Passaic,"514 Van Houten Avenue, Passaic",40.8564092,-74.1436937,4.4,15,
Price Rite Marketplace of Garfield,"59 Outwater Lane, Garfield",40.8819331,-74.1161616,4.4,1654,
Food Universe Clifton,"435 Lexington Avenue, Clifton",40.8757496,-74.13435319999999,4.4,248,
Sahara Fine Foods,"242 South Summit Avenue, Hackensack",40.8764767,-74.0644926,4.4,91,
Minimarket Clifton,"515 Clifton Avenue, Clifton",40.87367760000001,-74.1478226,3.5,2,
bp,"409 U.S. 46, Elmwood Park",40.8933561,-74.1070969,,0,
Stew Leonard's,"467 Allwood Road, Clifton",40.8409885,-74.15803509999999,4.3,156,
H Mart Little Ferry,"260 Bergen Turnpike, Little Ferry",40.8564643,-74.03396599999999,4.4,2419,
ShopRite of Hackensack,"500 South River Street, Hackensack",40.8626533,-74.0341122,4.1,2171,
ShopRite of Palisades Park,"201 Roosevelt Place, Palisades Park",40.8520206,-74.0045809,4.1,1894,
Giant Farmer's Market,"324 Main Street, Hackensack",40.8884201,-74.0399322,4.3,2211,
Village IGA,"201 Main Street, Ridgefield Park",40.85701509999999,-74.0248195,4.0,235,
Grocery la Universal,"07601, Hackensack",40.87859349999999,-74.0475455,4.6,8,
All nation mini supermarket,"214 -A Essex Street, Hackensack",40.8804846,-74.0532961,5.0,2,
Universal Food Markets,"154 State Street, Hackensack",40.8833815,-74.0446384,3.8,411,
Casa Delfina,"253 Main Street, Hackensack",40.8863309,-74.0418775,3.7,9,
bp,"366 Essex Street, Lodi",40.8871838,-74.06511139999999,2.9,9,
HAN MI Mart & Liquor,"220 Broad Avenue, Palisades Park",40.8462469,-73.9987938,2.4,165,
"Superfood Marketplace - Ridgefield, NJ","543 Shaler Boulevard, Ridgefield",40.83294909999999,-74.00251109999999,4.1,91,
Hackensack Market,"120 Passaic Street, Hackensack",40.8924421,-74.0442789,4.0,1126,
MAHARAJA HYPERMARKET,"389 Main Street, Hackensack",40.890705,-74.0398648,4.8,27,
Cedar Market,"646 Cedar Lane, Teaneck",40.8910056,-74.02821240000002,4.5,280,
KB'S African Market,"96 Anderson Street, Hackensack",40.8936723,-74.0431737,4.5,51,
H Mart Fort Lee,"112 Linwood Drive, 130 Linwood Plaza, Fort Lee",40.8610891,-73.97098380000001,3.9,303,
Jerry's Gourmet and More,"410 South Dean Street, Englewood",40.8813714,-73.983322,4.6,1045,
H Mart Leonia,"315 Broad Avenue, Leonia",40.8614304,-73.98781149999999,4.1,539,
H Mart Fort Lee Fresh,"1379 16th Street, Fort Lee",40.84568199999999,-73.979619,4.1,739,
ACME Markets,"2160 Lemoine Avenue, Fort Lee",40.8561878,-73.9650974,4.0,1207,
Mediterranean Gourmet,"490 Main Street, Fort Lee",40.8554854,-73.97776569999999,4.9,106,
HanNam Mart,"1475 Bergen Boulevard, Fort Lee",40.8514808,-73.98688360000001,4.2,1689,
Piccolo's Gastronomia Italiana,"484 Bergen Boulevard, Ridgefield",40.824467,-73.9970958,4.7,442,
Kikos Supermarket,"321 Anderson Avenue, Fairview",40.817416,-73.994401,4.0,378,
ABC Mart,"3505 Broadway, New York",40.8254663,-73.95151369999999,3.3,26,
Key Food Supermarkets,"3550 Broadway, New York",40.82675800000001,-73.949782,3.7,595,126.0
Super Foodtown of Washington Heights,"600 West 160th Street, New York",40.8359697,-73.9438286,4.3,708,
Nizam International Market,"608 Anderson Avenue, Cliffside Park",40.8251363,-73.98785819999999,4.3,415,
bp,"491 Route 4, Englewood",40.86786499999999,-73.973071,4.1,40,
bp,"1671 Bergen Boulevard, Fort Lee",40.857459,-73.981848,3.7,35,
Seoul Trading USA Co.,"360 South Van Brunt Street, Englewood",40.8854696,-73.9858078,4.0,23,
Target Grocery,"543 River Road, Edgewater",40.8139544,-73.98176149999999,3.0,4,
3550 Food Corporation,"3550 Broadway, New York",40.82671,-73.949726,4.5,2,
PapaSito Foodmarkets,"3605 Broadway, New York",40.8289583,-73.94910680000001,4.2,82,
Riverside Gourmet Market,"3779 Broadway, New York",40.834163,-73.94571239999999,4.3,45,
CTown Supermarkets,"3632 Broadway, New York",40.8292461,-73.9478894,3.7,498,
bp,"265 Nagle Avenue, New York",40.8630605,-73.9202512,3.5,8,
bp,"4353 Broadway, New York",40.8535526,-73.9342786,3.5,25,
bp,"1740 Jerome Avenue, The Bronx",40.8473956,-73.9122715,3.0,33,
African American Market,"292 East Burnside Avenue B, The Bronx",40.850708,-73.901625,4.8,22,
bp,"3936 10th Avenue, New York",40.86629279999999,-73.91798279999999,3.6,30,
Western Beef Supermarket,"2050 Webster Avenue, The Bronx",40.8513947,-73.8979155,4.2,3213,
Fine Fare Supermarkets,"4776 Broadway, New York",40.8656861,-73.9263722,4.0,890,
Food Universe Marketplace,"148 East 170th Street, The Bronx",40.8388932,-73.9147818,4.0,305,
CTown Supermarkets,"1750 University Avenue, The Bronx",40.8490757,-73.9167476,3.9,690,
bp,"2157 Amsterdam Avenue, New York",40.839094,-73.937234,4.0,96,
bp,"242 Dyckman Street, New York",40.86610679999999,-73.9283947,3.7,30,
Bravo Supermarkets,"210 East 170th Street, The Bronx",40.8382927,-73.9132209,4.2,678,
JAMA Deli Grocery Corporation,"1225 Ogden Avenue, The Bronx",40.83841020000001,-73.9264755,4.1,17,
Key Food Supermarkets,"1239 Saint Nicholas Avenue, New York",40.8434234,-73.93845759999999,3.9,757,13.0
Shop Fair of Washington Heights,"3871 Broadway, New York",40.8369343,-73.9431359,4.2,479,
Superior Market,"108 West 168th Street, The Bronx",40.83824000000001,-73.9246655,4.1,7,
Food Universe Marketplace,"72 Nagle Avenue, New York",40.8604296,-73.9287138,3.9,197,
Bravo Supermarkets,"156 West 170th Street, The Bronx",40.84127749999999,-73.9247276,4.0,242,
Williams Grocery Corp.,"257 Dyckman Street, New York",40.8666425,-73.9283574,4.6,11,
Pioneer Fresh of Highbridge,"1150-66 Woodycrest Avenue, The Bronx",40.8360561,-73.9250977,4.0,160,
Pioneer Supermarkets of Morris Heights,"107 Featherbed Lane, The Bronx",40.846431,-73.918553,4.1,214,
Bravo Supermarkets,"127 West Burnside Avenue, The Bronx",40.85410700000001,-73.91416219999999,4.1,411,
Compare Foods Supermarket,"3815 9th Avenue, New York",40.861968,-73.917963,4.4,361,
Super Foodtown of Bradhurst,"300 West 145th Street, New York",40.8227414,-73.9423338,4.1,3271,
CTown Supermarkets,"229 East Tremont Avenue, The Bronx",40.849244,-73.90460209999999,3.8,177,
Food Universe Marketplace,"5069 Broadway, New York",40.8705788,-73.915213,3.1,81,
Key Food Supermarkets,"4365 Broadway, New York",40.8540139,-73.9340528,3.8,636,83.0
PIONEER Supermarkets Bronx - Jerome Ave,"2262 Jerome Avenue, The Bronx",40.8582929,-73.90355679999999,3.9,308,
bp,"1862 Webster Avenue, The Bronx",40.8469723,-73.90105369999999,4.0,20,
bp,"2350 Jerome Avenue, The Bronx",40.8599274,-73.9026129,3.9,49,
Food Dynasty Supermarkets,"24 West Fordham Road, The Bronx",40.8625965,-73.9026362,4.1,399,
bp,"824 Allerton Avenue, The Bronx",40.865246,-73.8622058,4.0,41,
Pioneer Supermarkets,"3035 White Plains Road, The Bronx",40.8703727,-73.8673874,3.4,200,
Fine Fare Supermarkets,"3550 White Plains Road, The Bronx",40.87829310000001,-73.8654813,3.8,251,
Fine Fare Supermarkets,"320 East Gun Hill Road, The Bronx",40.87874929999999,-73.8738281,3.9,679,
CTown Supermarkets,"30 East 198th Street, The Bronx",40.870683,-73.8922827,3.9,441,
bp,"601 East Fordham Road, The Bronx",40.85862729999999,-73.88492210000001,4.0,150,
United Grocery,"838 East 180th Street, The Bronx",40.8456057,-73.8839692,5.0,2,
bp,"4068 Third Avenue, The Bronx",40.8433793,-73.8975888,3.7,51,
Pioneer Supermarkets of Fordham Manor,"2400 Ryer Avenue, The Bronx",40.85986709999999,-73.897575,3.8,356,
City Fresh Market,"2477 Valentine Avenue, The Bronx",40.8616438,-73.8963416,4.1,171,
Cherry Valley Marketplace,"421 East 189th Street, The Bronx",40.8604501,-73.8918013,4.0,751,
CTown Supermarkets,"1761 Southern Boulevard, The Bronx",40.8375743,-73.8880179,3.5,191,
Food Universe Marketplace,"312 East 194th Street, The Bronx",40.8643607,-73.8918893,3.8,176,
CTown Supermarkets,"5249 Broadway, New York",40.87580869999999,-73.9086986,3.7,309,
Cherry Valley Marketplace,"2852 Webster Avenue, The Bronx",40.8665953,-73.8837593,4.0,1427,
Alsadi meat halal/ محلات السعدي,"1883 White Plains Road, The Bronx",40.8471532,-73.867025,4.4,224,
bp,"3059 Webster Avenue, The Bronx",40.87047,-73.87862799999999,3.1,18,
Food Choice Market,"2244 White Plains Road, The Bronx",40.85868599999999,-73.867218,4.0,593,
Battaglias Market,"2503 Eastchester Road, Pelham Gardens",40.8629224,-73.84372119999999,4.4,240,
Foodtown of Allerton Avenue,"1000 Allerton Avenue, The Bronx",40.8652229,-73.85849759999999,4.1,954,
Food Universe Marketplace,"119 Einstein Loop North, The Bronx",40.8646013,-73.82210309999999,3.5,95,
Monte Grab & Go Market,"1790 Eastchester Road, The Bronx",40.848881,-73.8447789,4.1,437,
Big Deal Foodtown,"1018 Morris Park Avenue, The Bronx",40.8482476,-73.8555179,4.3,868,
Pruzzo's,"2937 Westchester Avenue, The Bronx",40.8468568,-73.8327903,4.4,927,
ALDI,"1750 East Gun Hill Road Suite B, The Bronx",40.8632091,-73.8349915,4.3,4115,
Foodtown of Boston Road,"3471 Boston Road, The Bronx",40.8767747,-73.8477078,4.1,1035,
Fine Fare Supermarkets,"3315 White Plains Road, The Bronx",40.8736229,-73.8673019,4.0,287,
bp,"641 East Gun Hill Road, The Bronx",40.87797,-73.86759169999999,3.5,13,
Food Universe Marketplace,"111 Dreiser Loop, The Bronx",40.8768272,-73.8289108,3.6,118,
CTown Supermarkets,"3970 Laconia Avenue, The Bronx",40.88397070000001,-73.84908709999999,3.7,316,
Foodtown of White Plains,"3734 White Plains Road, The Bronx",40.882318,-73.863063,4.1,708,
Associated Supermarkets of Edenwald,"4141 Laconia Avenue, The Bronx",40.8882658,-73.84710179999999,3.9,430,
SY Grace West Indian Supermarket,"4018b Boston Road, The Bronx",40.88386129999999,-73.8318808,4.4,844,
Western Beef Supermarket,"1564 Southern Boulevard, The Bronx",40.8351484,-73.8886204,4.0,556,
Key Food Supermarkets,"3515 Jerome Avenue, The Bronx",40.8824642,-73.8819932,3.6,623,1.0
Fine Fare Supermarkets,"1199 East 233rd Street, The Bronx",40.88946320000001,-73.8436203,4.0,558,
ShopRite of Pelham Parkway,"847 Pelham Parkway, Pelham",40.8917584,-73.82057019999999,4.3,4419,
Key Food Supermarkets,"3151 Westchester Avenue, The Bronx",40.8504111,-73.83046390000001,4.2,1571,17.0
Key Food Supermarkets,"2722 East Tremont Avenue, The Bronx",40.842222,-73.84534529999999,3.9,390,16.0
CTown Supermarkets,"385 City Island Avenue, The Bronx",40.849233,-73.7875751,4.3,81,
Food Universe Marketplace,"2061 Bartow Avenue, The Bronx",40.87061080000001,-73.8284029,3.8,192,
CO-OP CITY AFRICAN MARKET Inc.,"2829 Edson Avenue, The Bronx",40.8686239,-73.83377709999999,4.4,249,
Antillana SuperFood Marketplace,"2750 East Tremont Avenue, The Bronx",40.8419829,-73.8444184,5.0,1,
Zerega Bazar - Al Aqsa Halal Meat 3 | Supermarket in Bronx,"2409 Westchester Avenue, The Bronx",40.8374272,-73.8462643,4.0,36,
FINE FARE SUPERMARKETS,"3040 Eastchester Road, The Bronx",40.8703823,-73.8428665,4.2,26,
bp,"3804 Boston Road, The Bronx",40.881189,-73.838301,3.1,11,
Amoco,"4090 Boston Road, The Bronx",40.8856,-73.82809,,0,
ADI's Supermarket,"1375 Castle Hill Avenue, The Bronx",40.8357355,-73.8524607,3.7,6,
Grameen Bazaar,"2169 Starling Avenue, The Bronx",40.83642899999999,-73.8529089,4.7,6,
Hasan Super Market,"2165 Starling Avenue, The Bronx",40.8363671,-73.8530439,4.9,30,
Palm Tree Marketplace,"3717 Boston Road, The Bronx",40.8806672,-73.8411272,4.2,1808,
Amoco,"4394 Boston Post Road, Pelham",40.8908525,-73.81743999999999,4.2,28,
Ittadi Bazaar Halal Food Market,"2111 Starling Avenue, The Bronx",40.8363041,-73.8546558,3.9,51,
Al Aqsa Halal Meat Supermarket | Bronx,"2109 Starling Avenue, The Bronx",40.8364162,-73.8548169,4.2,651,
Spice Up Supermarket and Halal Food,"1002 Castle Hill Avenue, The Bronx",40.8278298,-73.849897,4.4,38,
Premium Halal Meat & Fish,"1500 Olmstead Avenue, The Bronx",40.8362211,-73.8550302,3.7,48,
KHALIL SUPERMARKET,"1455 Unionport Road, The Bronx",40.8354074,-73.8556579,3.3,23,
Lidl,"840 Pelham Parkway, Pelham",40.8926903,-73.81792080000001,5.0,3,
Target Grocery,"101 Shore Road, Port Washington",40.8413224,-73.7041746,5.0,4,
