Name,Address,Latitude,Longitude,Venituri,Density,Trafic
Magazin Mixt,"Strada Salciei 5, Bragadiru",44.37596050000001,25.9774661,2400,7.515133333333334,0.0511513333333333
MOL,"Strada Speranței 88, Bragadiru",44.3852537,26.0014148,2400,7.515133333333334,0.0511513333333333
MINIMARKET LA STRADA SRL,"Strada Taberei 55, Cornetu",44.3463404,25.960315,2400,7.515133333333334,0.0511513333333333
BARBONEDISTRIBUTIONE,"Șoseaua Alexandriei Nr.60, Bragadiru",44.3902654,26.0173784,2400,7.515133333333334,0.0511513333333333
Matedco Market,"Strada Safirului 167, Bragadiru",44.3926419,26.0041217,2400,7.515133333333334,0.0511513333333333
La Nana,"Drum Bragadiru, București",44.3849632,26.0403032,2700,8.48671875,0.0578671875
La Blok,"Șoseaua București-Măgurele 47N, București",44.3868848,26.0473867,2700,8.48671875,0.0578671875
Magazin Alimentar,"Strada Găgești 37, București",44.3915121,26.0424005,2700,8.48671875,0.0578671875
magazin,Cornetu,44.3435073,25.943035,2400,7.515133333333334,0.0511513333333333
MOL,"Șoseaua Giurgiului 200, București",44.37725799999999,26.0908601,2500,8.465529411764706,0.059655294117647
Gama Echipamente,"Șoseaua Giurgiului 5, Jilava",44.3612563,26.0877764,2500,8.465529411764706,0.059655294117647
Magazin cu sucuri,"Intrarea Tiparniţei 2a, București",44.3742712,26.0821523,2700,8.48671875,0.0578671875
Alex Import Export,Jilava,44.345949,26.0832879,2500,8.465529411764706,0.059655294117647
Magazin La Jan,"Strada Anghel Moldoveanu 33, București",44.3727376,26.0949891,2500,8.465529411764706,0.059655294117647
Marisan Preț De Producător,"Șoseaua Giurgiului 182, București",44.3791445,26.0916105,2500,8.465529411764706,0.059655294117647
LA DOI PAȘI,"Prelungirea Ferentari 109, București",44.390245,26.0810998,2700,8.48671875,0.0578671875
Jilava,Jilava,44.3261039,26.0732573,2500,8.465529411764706,0.059655294117647
Froo,"Șoseaua Giurgiului 125, București",44.3836739,26.0929209,2500,8.465529411764706,0.059655294117647
Ilie Gurița,"Strada Ilie Guriţă, București",44.3980512,26.0750511,2700,8.48671875,0.0578671875
MyAuchan,"Strada Luica 164-168, București",44.3766139,26.1059867,2500,8.465529411764706,0.059655294117647
Froo,"Bloc L23, Șoseaua Alexandriei 84, București",44.4032206,26.0568397,2700,8.48671875,0.0578671875
La Doi Paşi,Romania,44.4007907,26.0715227,2700,8.48671875,0.0578671875
Magazin alimentar,"Drumul Dealul Cucului 25, București",44.3691027,26.1105222,2500,8.465529411764706,0.059655294117647
MOL,"Strada Turnu Măgurele 110-112, București",44.37573,26.11884,2500,8.465529411764706,0.059655294117647
MOL,"Strada Măriuca 67, București",44.38215939999999,26.13298829999999,2500,8.465529411764706,0.059655294117647
MOL,"Strada Sergent Ion Iriceanu 25-53, București",44.38372880000001,26.1383791,2500,8.465529411764706,0.059655294117647
Shop & Go Mega Image,"Drumul Fermei 123, Popești-Leordeni",44.36429830000001,26.1490027,2500,8.465529411764706,0.059655294117647
MOL,"Șoseaua Olteniței 83A, București",44.39473,26.12006,2500,8.465529411764706,0.059655294117647
Mega Image,"Șoseaua Olteniței 48-50, București",44.3990344,26.1067075,2500,8.465529411764706,0.059655294117647
R&D Market,"Bulevardul Metalurgiei, București",44.37036550000001,26.1237566,2500,8.465529411764706,0.059655294117647
Stâna Sibianului,"Bulevardul Metalurgiei 14, București",44.37414329999999,26.1202523,2500,8.465529411764706,0.059655294117647
Shop&Go,"Drumul Binelui, București",44.37233069999999,26.1249036,2500,8.465529411764706,0.059655294117647
La Ionuț,"Aleea Covasna 10, București",44.3808431,26.1114174,2500,8.465529411764706,0.059655294117647
Mega Image Drumul Jilavei 89F-89G,"89f-89g, Drumul Jilavei 89f, București",44.3713257,26.1287877,2500,8.465529411764706,0.059655294117647
O block,"Strada Vatra Dornei 8, București",44.3831094,26.111689,2500,8.465529411764706,0.059655294117647
Family Market,"Dumitru Brumarescu 14, București",44.36116699999999,26.1366614,2500,8.465529411764706,0.059655294117647
Froo,"Șoseaua Giurgiului 103 - 105, București",44.3932511,26.0944358,2500,8.465529411764706,0.059655294117647
Minimarket,"Langa BCR, Șoseaua Berceni 25, București",44.38656049999999,26.1285931,2500,8.465529411764706,0.059655294117647
Magazin alimentar,"Strada Măgurei 7, București",44.3944256,26.09341139999999,2700,8.48671875,0.0578671875
La doi pași,"Bulevardul Constantin Brâncoveanu nr. 10, parter, București",44.39429589999999,26.10949170000001,2500,8.465529411764706,0.059655294117647
Pena Prod Trade,"Strada Dolhasca, București",44.39440009999999,26.1165659,2500,8.465529411764706,0.059655294117647
Froo,"Drumul Fermei 95, Popești-Leordeni",44.3677497,26.1517499,2500,8.465529411764706,0.059655294117647
LaDoiPași EXTRA Amurgului,"Strada Amurgului 23B, Popești-Leordeni",44.37411849999999,26.1507261,2500,8.465529411764706,0.059655294117647
Deli Legume & Fructe,"Strada Amurgului, Popești-Leordeni",44.374556,26.1507624,2500,8.465529411764706,0.059655294117647
La Pasică - Mini Market,"Complex Galaxy, Bloc 8, Strada Biruinței 31, Popești-Leordeni",44.3668167,26.1575692,2500,8.465529411764706,0.059655294117647
Microcosi,"Pridvorului 62 sector 4 București Bucuresti, București",44.3995272,26.1200096,2500,8.465529411764706,0.059655294117647
China Mega Shop,Romania,44.3808461,26.15272999999999,3000,10.157941176470588,0.0715794117647058
Froo,"Șoseaua Olteniței 13 BIS, Popești-Leordeni",44.3818421,26.1519786,3000,10.157941176470588,0.0715794117647058
Vacanța de vară,"Strada Crinilor 2b, Berceni",44.3297521,26.1689672,2500,8.465529411764706,0.059655294117647
Tav,"Strada Crinilor 2b, Berceni",44.3297257,26.1689039,2500,8.465529411764706,0.059655294117647
Vacanța de vară,"Strada Miorița 77, Berceni",44.32908150000001,26.1669676,2500,8.465529411764706,0.059655294117647
Bonnita Banana,"85HC+GC, Berceni",44.32885750000001,26.1710208,2500,8.465529411764706,0.059655294117647
La malina magazin alimentar,"Strada leordeni nr 161 i bis, Orașul Popești leordeni județul ilfov, Popești-Leordeni",44.37929779999999,26.1946062,3000,10.157941176470588,0.0715794117647058
Xpress,"Șoseaua Vitan-Bârzești 7A, București",44.40053880000001,26.1467847,3000,10.157941176470588,0.0715794117647058
MOL,"Sos. de Centura, Centura București 305 B, Glina",44.3994818,26.2237553,3000,10.157941176470588,0.0715794117647058
Standard Plastica International,"in incinta Continent Marine Enterprise, Bulevardul Timișoara nr. 82, București",44.425536,26.003219,2400,7.515133333333334,0.0511513333333333
Godac,"Bloc C2, Drumul Taberei 98, București",44.41643219999999,26.021348,2400,7.515133333333334,0.0511513333333333
MOL,"Bulevardul Iuliu Maniu 194, București",44.43424139999999,26.0081976,2400,7.515133333333334,0.0511513333333333
MOL,"Bulevardul Iuliu Maniu 205-215, București",44.43428399999999,25.986364,2400,7.515133333333334,0.0511513333333333
MOL,"Strada Lujerului 6, București",44.4319831,26.0337752,2400,7.515133333333334,0.0511513333333333
La doi pasi,"Str. Gladiolelor Nr. 10 Parte Sp Com 6 Bl 5 S, Roșu",44.4427749,25.9891875,2400,7.515133333333334,0.0511513333333333
INMEDIO CORA LUJERULUI,"Bulevardul Iuliu Maniu 19, București",44.4332794,26.037545,2400,7.515133333333334,0.0511513333333333
MOL,"Bulevardul Iuliu Maniu 15B, București",44.4338434,26.0415886,2400,7.515133333333334,0.0511513333333333
"August™ Orizont - coffee, drinks, food","Drumul Taberei 18, București",44.4255179,26.0516518,2400,7.515133333333334,0.0511513333333333
MOL,"Șoseaua Virtuții 22A, București",44.441619,26.035902,2400,7.515133333333334,0.0511513333333333
MOL,"Calea 13 Septembrie 293-297, București",44.4181375,26.0595954,2700,8.48671875,0.0578671875
Aprozarul Latin,"Prelungirea Ghencea 47-49, Bragadiru",44.4067687,25.9898848,2400,7.515133333333334,0.0511513333333333
MOL,"Strada Valea Cascadelor 26, București",44.423827,25.998673,2400,7.515133333333334,0.0511513333333333
La doi pasi,"Strada Cosmina nr. 54, București",44.404499,26.02169109999999,2400,7.515133333333334,0.0511513333333333
Dragomiresti vale,"Strada Valea Cascadelor, București",44.4290967,26.0025793,2400,7.515133333333334,0.0511513333333333
SC KONER STYLE DOORS SRL,"Stand 10,Complex Metal Center, Strada Valea Cascadelor Nr.18N, București",44.43021499999999,26.00283169999999,2400,7.515133333333334,0.0511513333333333
La doi paşi,"Bulevardul Timișoara 69, C13 parter, București",44.4260365,26.0200234,2400,7.515133333333334,0.0511513333333333
Cristal Moon,"Strada Moinești, București",44.4304692,26.0175502,2400,7.515133333333334,0.0511513333333333
Mini Market La Sile,"Strada Moinești, București",44.4308609,26.0183476,2400,7.515133333333334,0.0511513333333333
Fresh Corner,"Strada Mărgelelor, București",44.4342889,26.0080913,2400,7.515133333333334,0.0511513333333333
Agroimpex Mini Market,"Strada Moinești 9, București",44.4319805,26.01929459999999,2400,7.515133333333334,0.0511513333333333
Ove Market,"Bulevardul Iuliu Maniu 69, București",44.433721,26.0164997,2400,7.515133333333334,0.0511513333333333
Giulești,"Bulevardul Iuliu Maniu, București",44.43404609999999,26.0158557,2400,7.515133333333334,0.0511513333333333
MyAuchan,"Strada Brașov 23, București",44.4189111,26.0350613,2400,7.515133333333334,0.0511513333333333
Minimarket NonStop OK Prod Impex,"Strada Moinești 1, București",44.4331705,26.020331,2400,7.515133333333334,0.0511513333333333
Dorna Magazin Mixt,"Strada Moinești, București",44.433383,26.0201471,2400,7.515133333333334,0.0511513333333333
Sifonarie,"Strada Eftimie Z. Croitoru 26, București",44.43748979999999,26.0107628,2400,7.515133333333334,0.0511513333333333
Allen Plaza Srl,"Bulevardul Timișoara 49, București",44.42708919999999,26.033983,2400,7.515133333333334,0.0511513333333333
La doi paşi,"Strada Cernișoara Nr. 24, București",44.4361098,26.02033149999999,2400,7.515133333333334,0.0511513333333333
Godac,"Strada Apusului 50, București",44.4382329,26.0144502,2400,7.515133333333334,0.0511513333333333
La Colţ Magazin,"Militari, Bucharest",44.4358541,26.0235554,2400,7.515133333333334,0.0511513333333333
Radic Star,"Bloc C3, Șoseaua Tudor Vladimirescu 331, Domnești",44.4055598,25.956831,2400,7.515133333333334,0.0511513333333333
La Doi Paşi,"Strada Ghirlandei 14, București",44.4395585,26.0155747,2400,7.515133333333334,0.0511513333333333
MIROMAR SHOP,"Strada Ghirlandei 12, București",44.439567,26.0155472,2400,7.515133333333334,0.0511513333333333
LaDoiPasi Olteni,"Strada Puțul Olteni 67, Olteni",44.4028319,25.9568873,2400,7.515133333333334,0.0511513333333333
Convenience Store letonybussiness,"Intrarea Vagonetului 2, București",44.4322427,26.0325457,2400,7.515133333333334,0.0511513333333333
Băcița Sibiului srl,"Bulevardul Iuliu Maniu 560A, București",44.4403204,25.9820255,2400,7.515133333333334,0.0511513333333333
La doi paşi,"Bulevardul Uverturii 69B, București",44.43757589999999,26.0316454,2400,7.515133333333334,0.0511513333333333
Greierele si Furnica Market,"Bulevardul Uverturii nr. 70-72, București",44.4367198,26.0335729,2400,7.515133333333334,0.0511513333333333
Berezka store & cuisine,"Strada Sergent Ilie Petre 87, Chiajna",44.4422468,25.9774133,2400,7.515133333333334,0.0511513333333333
La doi pasi,"Strada Rezervelor 58c, Roșu",44.4449898,25.9871875,2400,7.515133333333334,0.0511513333333333
"August™ Lujerului - coffee, drinks, food","Strada Fabricii 7, București",44.4364281,26.035718,2400,7.515133333333334,0.0511513333333333
Fresh Market,"Strada Tineretului 20, Chiajna",44.44509670000001,25.9832099,2400,7.515133333333334,0.0511513333333333
LIL MARKET,"Strada Rezervelor 56, Dudu",44.44636419999999,25.9864643,2400,7.515133333333334,0.0511513333333333
Magazin Mixt,"Strada Ajustorului 17, București",44.4435806,26.0238269,2400,7.515133333333334,0.0511513333333333
La doi paşi,"Strada Tineretului 54, Chiajna",44.4457195,25.9829425,2400,7.515133333333334,0.0511513333333333
Minimarket NonStop,"Strada Rezervelor 53, Roșu",44.4469038,25.9873063,2400,7.515133333333334,0.0511513333333333
Magazin alimentar,"Str. Cheile Orzei 27, București",44.43664,26.0381874,2400,7.515133333333334,0.0511513333333333
Magazin mixt,"Strada Antiaeriană 81, București",44.40883710000001,26.0540864,2700,8.48671875,0.0578671875
Magazin alimentar,Militari,44.4348811,26.0420381,2400,7.515133333333334,0.0511513333333333
MOL,"Bulevardul Iuliu Maniu 8, București",44.43460999999999,26.04443,2400,7.515133333333334,0.0511513333333333
La Dănuț,"Strada Soarelui 29, Roșu",44.44788030000001,25.9794896,2400,7.515133333333334,0.0511513333333333
MOL,"Strada Progresului 154, București",44.4145918,26.0789114,2700,8.48671875,0.0578671875
Shop & Go,"Strada Sfântul Elefterie 6, București",44.434058,26.0771336,2700,8.48671875,0.0578671875
La Doi Pasi,"Calea Șerban Vodă 272, București",44.40690600000001,26.0949712,2700,8.48671875,0.0578671875
Mega Image Shop & Go,"Strada Cameliei 4, București",44.4432261,26.0780978,3500,5.668220588235294,0.0216822058823529
MOL,"Bulevardul Dinicu Golescu 29, București",44.4450099,26.0746691,3500,5.668220588235294,0.0216822058823529
MOL,"Calea 13 Septembrie 204-206A, București",44.420911,26.065082,2700,8.48671875,0.0578671875
Zona Verde (ex Mon Com),"Bloc M112, Strada Mărgeanului 46, București",44.412897,26.0612586,2700,8.48671875,0.0578671875
Beța,"Calea Rahovei 360, Lot",44.406719,26.064132,2700,8.48671875,0.0578671875
Mega Image,"Strada Băltărețului, București",44.41825860000001,26.06364,2700,8.48671875,0.0578671875
Green Market,"Drumul Taberei 4, București",44.4264724,26.0573342,2700,8.48671875,0.0578671875
Froo,"Calea Ferentari 20, București",44.4087259,26.0771667,2700,8.48671875,0.0578671875
Mega Image Shop-N-Go,"Calea Ferentari 17, București",44.4090363,26.07775299999999,2700,8.48671875,0.0578671875
DCM Shop,"Calea Ferentari 72, București",44.4069582,26.0786257,2700,8.48671875,0.0578671875
Noroc 98 Mini Market,"Calea 13 Septembrie 117, București",44.4237639,26.0749515,2700,8.48671875,0.0578671875
La Lili,"Strada Doctor Grigore Romniceanu 32, București",44.4287317,26.0693092,2700,8.48671875,0.0578671875
Berezka store & cuisine,"Calea 13 Septembrie 104, București",44.4247873,26.0756252,2700,8.48671875,0.0578671875
Good2Go,"Calea 13 Septembrie, București",44.4261628,26.0769081,2700,8.48671875,0.0578671875
Froo,"Calea 13 Septembrie 75-79, București",44.42477549999999,26.0804604,2700,8.48671875,0.0578671875
Froo,"Strada Fabrica de Chibrituri 17-22, București",44.4143047,26.0883593,2700,8.48671875,0.0578671875
Mini market LIDIA,"SC LIDIA COM IMPEX SRL, Strada Mitropolit Dosoftei 28A, București",44.4088967,26.0924673,2700,8.48671875,0.0578671875
Mega Image Shop & Go,"Calea Văcărești 242, București",44.41011020000001,26.1156812,2500,8.465529411764706,0.059655294117647
MOL,"Bulevardul Corneliu Coposu 14, București",44.4317043,26.1109805,2800,9.677894736842106,0.068778947368421
MOL,"Calea Văcărești 132-134, București",44.41569,26.11405999999999,2500,8.465529411764706,0.059655294117647
Mega Image Shop & Go,"Strada Nerva Traian 11, București",44.421706,26.117411,2500,8.465529411764706,0.059655294117647
Mega Image,"Strada C. A. Rosetti 14, București",44.4407158,26.1004601,3500,5.668220588235294,0.0216822058823529
MOL,"Bulevardul Decebal 23, București",44.43135650000001,26.1367897,2800,9.677894736842106,0.068778947368421
Mega Image Shop & Go,"Evocasa Selecta, Bulevardul Ferdinand I 58, București",44.4413861,26.12435739999999,2800,9.677894736842106,0.068778947368421
"August Mosilor - coffee, drinks, food","Calea Moșilor 225, București",44.4448788,26.120144,2800,9.677894736842106,0.068778947368421
Mega Image Shop&Go,"Bloc 2, Strada Baba Novac 13A, București",44.4260163,26.1479881,3000,10.157941176470588,0.0715794117647058
La doi paşi,"Bulevardul Camil Ressu 41, București",44.41518320000001,26.1543778,3000,10.157941176470588,0.0715794117647058
Clic Market,"Strada Bucur, București",44.4225758,26.1090567,2500,8.465529411764706,0.059655294117647
Mega Image,"Șoseaua Ștefan cel Mare 48, București",44.4524992,26.1147113,2800,9.677894736842106,0.068778947368421
MyAuchan,"Strada Maria Rosetti 7-9, București",44.4421026,26.1063761,2800,9.677894736842106,0.068778947368421
La vecinu' Marius,"Strada Constantin Rădulescu-Motru 8, București",44.4141895,26.1079909,2500,8.465529411764706,0.059655294117647
Froo,"Strada V. V. Stanciu 213, București",44.4129238,26.11452539999999,2500,8.465529411764706,0.059655294117647
Froo,"Calea Văcărești 242, București",44.4099209,26.1159309,2500,8.465529411764706,0.059655294117647
Clic Market,"Strada Oițelor 56, București",44.4212061,26.10653839999999,2700,8.48671875,0.0578671875
Larnic Market,"Calea Văcărești 278, București",44.40911759999999,26.1177605,2500,8.465529411764706,0.059655294117647
Magazin,"Bulevardul Regina Maria 46, București",44.424374,26.0957915,2700,8.48671875,0.0578671875
Froo,"Bloc M36, Strada Nerva Traian 14, București",44.4202527,26.1155869,2500,8.465529411764706,0.059655294117647
La Fane în Colț,"Strada Logofătul Tăutu 47, București",44.4201798,26.1177975,2500,8.465529411764706,0.059655294117647
Blue Store,"Strada Povestei 10, București",44.40376630000001,26.1225094,2500,8.465529411764706,0.059655294117647
Minimarket,"Bloc A2, Scara 3, Etaj 6, Apartament 62, Bulevardul Unirii 33, București",44.4271693,26.107588,2800,9.677894736842106,0.068778947368421
Strivex Trading S.R.L.,"Strada Nerva Traian 7, București",44.4229698,26.118368,2800,9.677894736842106,0.068778947368421
Magazin alimentar,"Strada Grădinarilor 30, București",44.4143506,26.1255503,2500,8.465529411764706,0.059655294117647
Pamfi Jina SRL,"Strada Baia de Fier 8, București",44.4304774,26.1061258,2800,9.677894736842106,0.068778947368421
Berezka,"Strada Sfânta Vineri 21 A, București",44.4303642,26.1070205,2800,9.677894736842106,0.068778947368421
Quick Market,"Strada Traian 3, București",44.4270797,26.1188241,2800,9.677894736842106,0.068778947368421
La Felice,"Strada Drumeagului 1, București",44.4108868,26.131729,2500,8.465529411764706,0.059655294117647
"Centrul Vechi Bucuresti -str Blanari-Magazin"" La 2 pasi""","Strada Blănari 18, București",44.4328783,26.1012307,3500,5.668220588235294,0.0216822058823529
Shop&Go,"Bulevardul Nicolae Grigorescu 18, București",44.4212818,26.1635582,3000,10.157941176470588,0.0715794117647058
MOL,"Bulevardul Theodor Pallady 66, București",44.404971,26.2075891,3000,10.157941176470588,0.0715794117647058
MOL,"Bulevardul Theodor Pallady 117-199, București",44.40585759999999,26.20900679999999,3000,10.157941176470588,0.0715794117647058
MOL,"Strada Râmnicu Vâlcea 12, București",44.41609,26.14051,3000,10.157941176470588,0.0715794117647058
MOL,"Strada Postăvarului 24, București",44.4166663,26.16968240000001,3000,10.157941176470588,0.0715794117647058
Mini Market Dorimar,"Bulevardul Camil Ressu 68, București",44.41368970000001,26.1557298,3000,10.157941176470588,0.0715794117647058
ANAS FRESH MARKET,"Strada Locotenent Nicolae Pascu 1, București",44.4094038,26.1412393,3000,10.157941176470588,0.0715794117647058
A.V.A CONSUM SRL,"Strada Locotenent Nicolae Pascu 1, București",44.4093969,26.1412224,3000,10.157941176470588,0.0715794117647058
Mini Market Non-Stop,"Bulevardul Râmnicu Sărat 10, București",44.4138765,26.1426323,3000,10.157941176470588,0.0715794117647058
Madellin Magazin Non Stop,"Strada Istriei 2b, București",44.4159942,26.1415157,3000,10.157941176470588,0.0715794117647058
Shop & Go,"Bulevardul Theodor Pallady 2, București",44.4124567,26.1646743,3000,10.157941176470588,0.0715794117647058
Mega Image,"Strada Pătulului 2A, București",44.4135555,26.1651635,3000,10.157941176470588,0.0715794117647058
Magazin Alimentar DESTINY'S WAY,"Aleea Postăvarul 6, București",44.4187546,26.1666102,3000,10.157941176470588,0.0715794117647058
Minimarket,"Unnamed Road, București",44.4252089,26.1467226,3000,10.157941176470588,0.0715794117647058
Magazin Alimentar,"Strada Prisaca Dornei 8, București",44.41891529999999,26.1677723,3000,10.157941176470588,0.0715794117647058
Froo,"Șoseaua Mihai Bravu 302-304, București",44.4245554,26.1367197,2800,9.677894736842106,0.068778947368421
Froo,"Strada Liviu Rebreanu 12, București",44.42489,26.1643816,3000,10.157941176470588,0.0715794117647058
Froo,"Strada Liviu Rebreanu 13A, București",44.4253768,26.1642439,3000,10.157941176470588,0.0715794117647058
"August Burebista - coffee, drinks, food","Bulevardul Burebista 2, București",44.4242317,26.1293321,2800,9.677894736842106,0.068778947368421
Minimarket,"Bulevardul Nicolae Grigorescu, București",44.4292054,26.1609044,3000,10.157941176470588,0.0715794117647058
La Doi Pași EXTRA,Strada Constantin Brâncuși 13,44.42931309999999,26.1611362,3000,10.157941176470588,0.0715794117647058
MAGAZIN MIXT MICRO,"Strada Liviu Rebreanu 29A, București",44.42497520000001,26.17242899999999,3000,10.157941176470588,0.0715794117647058
Piața Alba Iulia,"Bulevardul Decebal, București",44.4288309,26.1333625,2800,9.677894736842106,0.068778947368421
Shop N Go,"Strada Theodor D. Speranția 59, București",44.42658309999999,26.1277273,2800,9.677894736842106,0.068778947368421
FCD market,"Bulevardul Basarabia 22, București",44.4321563,26.141194,2800,9.677894736842106,0.068778947368421
Magazin Company Bravo,"Strada Theodor D. Speranția, București",44.4265364,26.1275278,2800,9.677894736842106,0.068778947368421
H&H,"Strada Liviu Rebreanu, București",44.4233527,26.1765612,3000,10.157941176470588,0.0715794117647058
Magazin,"Strada Popa Nan 204, București",44.4266044,26.1267087,2800,9.677894736842106,0.068778947368421
Vlad LM Concept,"Drumul Lunca Jariștei 35-39, București",44.4079469,26.1828394,3000,10.157941176470588,0.0715794117647058
Urzicuța,"Bulevardul 1 Decembrie 1918, București",44.4253497,26.1756463,3000,10.157941176470588,0.0715794117647058
Luna Market,"Complex Commercial, Strada Gura Ialomiței 1, București",44.4135357,26.1840795,3000,10.157941176470588,0.0715794117647058
La doi pași,"Strada Poștașului 15, București",44.4177395,26.1833509,3000,10.157941176470588,0.0715794117647058
Mega Image Shop&Go,"Aleea Vasile Goldiș 2A, București",44.4289941,26.1730807,3000,10.157941176470588,0.0715794117647058
Magazin Fritz,"Bulevardul Basarabia 174, București",44.4352305,26.1617701,3000,10.157941176470588,0.0715794117647058
LaDoiPași,"Bulevardul Theodor Pallady 51, București",44.4089239,26.2005091,3000,10.157941176470588,0.0715794117647058
Froo,"Drumul Gura Arieșului 1, București",44.4147566,26.2009532,3000,10.157941176470588,0.0715794117647058
B-Market,"Drumul Gura Caliței, București",44.415523,26.19780189999999,3000,10.157941176470588,0.0715794117647058
ALM MARKET,"Drum. intre Tarlale, 41C, Bucuresti-Sector 3, Bucuresti, 032982, București",44.42092390000001,26.2194675,3000,10.157941176470588,0.0715794117647058
Popasul Cioatei,"SC ADI & ELENA SRL, Drumul Sătenilor 2, București",44.4318883,26.2092262,3000,10.157941176470588,0.0715794117647058
Froo,"Bulevardul 1 Decembrie 1918 28, București",44.4271615,26.1784679,3000,10.157941176470588,0.0715794117647058
MAGAZIN NONSTOP,"Șoseaua Gării Cățelu 76, București",44.4342238,26.2046819,3000,10.157941176470588,0.0715794117647058
Geolgău,"la sefu, Șoseaua Gării Cățelu 76, București",44.4342238,26.2046819,3000,10.157941176470588,0.0715794117647058
Magazin alimentar mixt,"Aleea Vergului 4, București",44.44026909999999,26.1812987,3000,10.157941176470588,0.0715794117647058
Magazin mixt,"Bulevardul Biruinței 60, Pantelimon",44.44834710000001,26.2057676,3000,10.157941176470588,0.0715794117647058
MOL Pantelimon,"Bd. Biruinței 19, Pantelimon",44.4479222,26.211207,3000,10.157941176470588,0.0715794117647058
"August Chisinau - coffee, drinks, food","Bloc M7, Bulevardul Chișinău 16, București",44.437954,26.1583356,3000,10.157941176470588,0.0715794117647058
Froo,"Șoseaua Pantelimon 283, București",44.44287629999999,26.1652213,3000,10.157941176470588,0.0715794117647058
Froo,"Șoseaua Pantelimon 255, București",44.4429336,26.1633815,3000,10.157941176470588,0.0715794117647058
BROOKLYN Drinks Market,"Șoseaua Pantelimon 255, București",44.44288830000001,26.1625551,3000,10.157941176470588,0.0715794117647058
"Magazin alimentar ""La Oaste""","Strada Cuza Voda 10, Dobroești",44.4506176,26.1803572,3000,10.157941176470588,0.0715794117647058
La tanti dana,"Strada Livezilor 4, Pantelimon",44.4537722,26.209013,3000,10.157941176470588,0.0715794117647058
For Family Baneasa,"Șoseaua Chitilei, București",44.47779,26.04065259999999,2400,7.515133333333334,0.0511513333333333
"August Chitilei - coffee, drinks, food","Șoseaua Chitilei 39A, București",44.4777899,26.0406527,2400,7.515133333333334,0.0511513333333333
MOL,"Bulevardul Ion Mihalache 176, București",44.47186,26.0499,2400,7.515133333333334,0.0511513333333333
La Doi Pași,"Strada Ion Luca Caragiale 72, Dudu",44.4545045,25.9877898,2400,7.515133333333334,0.0511513333333333
LaDoiPasi,"Strada Orhideelor 30A, Dudu",44.4515406,25.98306599999999,2400,7.515133333333334,0.0511513333333333
La doi paşi,"Str. Salcamului nr. 27-29, Dudu",44.4510225,25.9799217,2400,7.515133333333334,0.0511513333333333
La doi paşi Comedin,"Strada Eroului Nr.119, Chiajna",44.4588396,25.9716084,2400,7.515133333333334,0.0511513333333333
TEO 94 KOMF EXIM,"Strada Buclei 19, București",44.47645199999999,26.0192281,2400,7.515133333333334,0.0511513333333333
City Mart,"Calea Giulești 232, București",44.4675701,26.0318281,2400,7.515133333333334,0.0511513333333333
Magazin alimentar Engel,"Strada Neamului 27, București",44.4826918,26.0254293,2400,7.515133333333334,0.0511513333333333
un magazin,"Strada Fanionului 1, București",44.48339130000001,26.0286436,2400,7.515133333333334,0.0511513333333333
Market,"Strada 16 Februarie 29, București",44.4892091,26.0211016,2400,7.515133333333334,0.0511513333333333
MOL,"Tarlaua 36, Parcela 171/2, 171/3, Chitila",44.4688168,25.9555829,2400,7.515133333333334,0.0511513333333333
froo Dragomiresti-Deal,"Strada Republicii 27, Dragomirești-Deal",44.4558081,25.9537455,2400,7.515133333333334,0.0511513333333333
MOL,"Șoseaua Chitilei 242 C, București",44.49505130000001,26.0029415,2400,7.515133333333334,0.0511513333333333
Ana Minimarket,"Strada Mircești 31, București",44.470775,26.0469846,2400,7.515133333333334,0.0511513333333333
MOL,"Calea Giulești 39, București",44.45483399999999,26.0562585,3500,5.668220588235294,0.0216822058823529
Froo,"Calea Crângași 25, București",44.4533148,26.0515739,2400,7.515133333333334,0.0511513333333333
Ian Luca Shop,"Bloc 26, Strada Ceahlăul nr 6, București",44.45410469999999,26.0519401,2400,7.515133333333334,0.0511513333333333
Andras Impex Srl,"Strada Jiului Nr. 3, București",44.4837092,26.041653,2400,7.515133333333334,0.0511513333333333
MOL,"Strada Chișcani 1, București",44.4562248,26.06335869999999,3500,5.668220588235294,0.0216822058823529
MOL,"Strada Nicolae G. Caramfil 76-80, București",44.48691989999999,26.0925793,3500,5.668220588235294,0.0216822058823529
For Family Baneasa,"Bulevardul Ion Ionescu de la Brad, București",44.49970219999999,26.0674936,3500,5.668220588235294,0.0216822058823529
1 Minute Floreasca Park,"Șoseaua Pipera nr 43, București",44.481535,26.104437,3500,5.668220588235294,0.0216822058823529
MAGAZIN ALIMENTAR,"Strada Rucăr 8, București",44.4680943,26.0537425,3500,5.668220588235294,0.0216822058823529
Magazin alimentar,"Strada Florilor 16, București",44.4694246,26.0540155,3500,5.668220588235294,0.0216822058823529
Aprozar,"Blocul Roşu, Calea Griviței 192, București",44.45512009999999,26.0628352,3500,5.668220588235294,0.0216822058823529
Minimarket,"Strada Cristian Pascal 8, București",44.4491753,26.0555877,2400,7.515133333333334,0.0511513333333333
Tone Com,"Strada Cluj 55a, București",44.4597873,26.0692796,3500,5.668220588235294,0.0216822058823529
Mega Image,"Bloc 13A, Bulevardul Ion Mihalache 109, București",44.46093289999999,26.0738464,3500,5.668220588235294,0.0216822058823529
MyAuchan,"Bulevardul Alexandru Ioan Cuza 96, București",44.4517231,26.07371310000001,3500,5.668220588235294,0.0216822058823529
Froo,"Bulevardul Ion Mihalache 47, București",44.45809490000001,26.0773322,3500,5.668220588235294,0.0216822058823529
Shop&Go Ion Mihalache 60,"Bulevardul Ion Mihalache 60, București",44.45876190000001,26.0776994,3500,5.668220588235294,0.0216822058823529
RELAY GARA DE NORD,"Piața Gării de Nord 1-3, București",44.4472583,26.0742258,3500,5.668220588235294,0.0216822058823529
SD Trading S.R.L.,"Calea Griviței 142, București",44.4479576,26.0752133,3500,5.668220588235294,0.0216822058823529
MyAuchan,"Strada Jiului nr.10A, București",44.48345560000001,26.0455916,2400,7.515133333333334,0.0511513333333333
Mara Market,"Calea Victoriei 206, București",44.44937649999999,26.088544,3500,5.668220588235294,0.0216822058823529
La Doi Pasi,"Calea Victoriei 206, București",44.44937869999999,26.0885522,3500,5.668220588235294,0.0216822058823529
Magazin Non Stop,"Strada Mihail Moxa 22, București",44.44691659999999,26.087317,3500,5.668220588235294,0.0216822058823529
MyAuchan,"Calea Dorobanți nr. 180, București",44.45939,26.09507,3500,5.668220588235294,0.0216822058823529
Panam Frucht LTD,"Strada George Călinescu 14-16, București",44.46142280000001,26.0963208,3500,5.668220588235294,0.0216822058823529
Mini Market,"Strada Constantin D. Stahi 53-55, București",44.4398811,26.0868782,3500,5.668220588235294,0.0216822058823529
MOL,"Șoseaua București Nord 20, Voluntari",44.492024,26.1269836,2800,9.677894736842106,0.068778947368421
MOL,"Șoseaua Colentina 374E, București",44.47217999999999,26.15259,2800,9.677894736842106,0.068778947368421
MOL,"Șoseaua Colentina 258-260, București",44.46897999999999,26.14463,2800,9.677894736842106,0.068778947368421
MOL,"Strada Barbu Văcărescu 62-72, București",44.4589922,26.1067716,2800,9.677894736842106,0.068778947368421
Shop & Go,"București, Sector 1, Șoseaua Ștefan cel Mare nr. 4, parter",44.4528073,26.1001169,3500,5.668220588235294,0.0216822058823529
Produse Ardelenești,"Șoseaua Ștefan cel Mare 6, București",44.4527649,26.1006212,3500,5.668220588235294,0.0216822058823529
MOL,"Strada Barbu Văcărescu 164B, București",44.4657437,26.108946,2800,9.677894736842106,0.068778947368421
Lidl Plus Playground,"Near Str. Barbu Văcărescu 164, București 077190 Bucuresti",44.46900979999999,26.1102077,2800,9.677894736842106,0.068778947368421
sasha kids store,"Strada Leonida 1, București",44.4478467,26.1079814,2800,9.677894736842106,0.068778947368421
Froo,"Șoseaua Ștefan cel Mare 56A, București",44.45213400000001,26.1180669,2800,9.677894736842106,0.068778947368421
Bob Concierge - Laguna,"Intrarea Chefalului 11, București",44.4745281,26.1117554,2800,9.677894736842106,0.068778947368421
Mini Market,"Strada Alexandru cel Bun 11, București",44.4615173,26.124215,2800,9.677894736842106,0.068778947368421
piata AMZEI,"Strada George Enescu 1, București",44.4416907,26.0930499,3500,5.668220588235294,0.0216822058823529
Patiseri Atu1,"Șoseaua Ștefan cel Mare 41, București",44.4503613,26.1245246,2800,9.677894736842106,0.068778947368421
Froo,"Calea Moșilor 300, București",44.4469048,26.1228178,2800,9.677894736842106,0.068778947368421
"Magazin Mixt ,plății facturi prin PAYPOINT , coletarie FAN COURIER ,SAMEDAY , DPD , GLS , Loto prin loteria Romană","Bloc 23, Calea Moșilor, București",44.4428801,26.1184613,2800,9.677894736842106,0.068778947368421
MINI MARKET,"Șoseaua Colentina 12, București",44.45725280000001,26.1307395,2800,9.677894736842106,0.068778947368421
Xpress,"Strada Ziduri Moși 23, București",44.4515905,26.1301912,2800,9.677894736842106,0.068778947368421
Mega Image Shop&Go,"Strada Chiristigiilor 2, București",44.4472087,26.1271302,2800,9.677894736842106,0.068778947368421
Euronuts Indian Grocery Store,"Strada Ziduri Moși 4, București",44.4503037,26.1297709,2800,9.677894736842106,0.068778947368421
Delicii Dulci,"Strada Ricinului 40, București",44.4665731,26.1315246,2800,9.677894736842106,0.068778947368421
Magazin La Robert,"Strada George Vraca 5, București",44.4365161,26.0949207,3500,5.668220588235294,0.0216822058823529
Nea Mihai,"Intrarea Rigas 29, București",44.4363031,26.0943452,3500,5.668220588235294,0.0216822058823529
Magazin Alimentar,"Strada Callimachi 67, București",44.4530336,26.1328285,2800,9.677894736842106,0.068778947368421
Dori Magazin Inc,"Strada Tămâioarei nr 83, București",44.4688987,26.1324368,2800,9.677894736842106,0.068778947368421
Food Store,"Strada Sinaia 16, București",44.46121369999999,26.1349886,2800,9.677894736842106,0.068778947368421
Shop & GO - Mega Image,"Bulevardul Regina Elisabeta 25, București",44.4346126,26.09685959999999,3500,5.668220588235294,0.0216822058823529
Minimarket Non-stop Calea Victoriei,"Calea Victoriei 27, București",44.4343104,26.0984094,3500,5.668220588235294,0.0216822058823529
Central FOODMARKT,"Strada Ion Brezoianu 11, București",44.43429889999999,26.0945496,3500,5.668220588235294,0.0216822058823529
Mini Market Non Stop,"Strada Ion Brezoianu, București",44.43429889999999,26.0945496,3500,5.668220588235294,0.0216822058823529
MOL,"Șoseaua Fundeni 161, București",44.4633949,26.1530199,2800,9.677894736842106,0.068778947368421
Albinuta Market,Bucharest,44.4638268,26.1438389,2800,9.677894736842106,0.068778947368421
Mgvest Market,"Strada Emisferei 5, București",44.4673395,26.1562984,2800,9.677894736842106,0.068778947368421
Magazin,"Strada Silvia 79, București",44.4549822,26.1381674,2800,9.677894736842106,0.068778947368421
Cris-Tim,"Șoseaua Colentina 56, București",44.4662507,26.1385459,2800,9.677894736842106,0.068778947368421
minimarket - Andy Bel,"Strada Zorilor 38 a, București",44.4578014,26.1648781,2800,9.677894736842106,0.068778947368421
MACELARIE TURCEASCA,"Șoseaua Andronache 29, București",44.4705928,26.1452319,2800,9.677894736842106,0.068778947368421
Magazin Ștucii,"Strada Știucii 53, București",44.4499909,26.1590582,2800,9.677894736842106,0.068778947368421
D’ala bun,"Strada Olimpiadei 22-24, București",44.4474783,26.1464854,2800,9.677894736842106,0.068778947368421
Mini market taiba ميني ماركت طيبة,"Șoseaua Colentina 373, București",44.47329089999999,26.1537507,2800,9.677894736842106,0.068778947368421
La doi paşi,"Strada Nicolae Zamfir nr. 7B, București",44.47361289999999,26.144131,2800,9.677894736842106,0.068778947368421
More Than Meat,"Strada Fântânica 36, București",44.4450436,26.1528379,2800,9.677894736842106,0.068778947368421
Stoica Prest SRL,"Șoseaua Pantelimon 99, București",44.4449025,26.13932789999999,2800,9.677894736842106,0.068778947368421
Shop & Go,"Șoseaua Iancului 13, București",44.44193420000001,26.1376504,2800,9.677894736842106,0.068778947368421
Magazin cartier Dolce Market,"Strada Simion Busuioc, București",44.47560050000001,26.1682919,2800,9.677894736842106,0.068778947368421
Froo,"Șoseaua Mihai Bravu 112, București",44.441714,26.1318828,2800,9.677894736842106,0.068778947368421
Froo,"Șoseaua Mihai Bravu 90-96, București",44.4430956,26.1291324,2800,9.677894736842106,0.068778947368421
Aprozar produse naturale,"Strada Vatra Luminoasă 28, București",44.4379631,26.1387682,2800,9.677894736842106,0.068778947368421
Berezka store & cuisine,"Șoseaua Mihai Bravu 139-145, București",44.43781240000001,26.1365655,2800,9.677894736842106,0.068778947368421
Magazin Alimentar,"Bulevardul Constituţiei 2, Voluntari",44.4818575,26.1782412,2800,9.677894736842106,0.068778947368421
August™ Tepes,"Strada Țepeș Vodă 66-72, București",44.435242,26.1259533,2800,9.677894736842106,0.068778947368421
Andreea Darya Shop,"Strada Popa Nan, București",44.4351474,26.1253543,2800,9.677894736842106,0.068778947368421
Magazinul lui Mimi,"Drumul Gării 90b, Pantelimon",44.45811279999999,26.2010169,3000,10.157941176470588,0.0715794117647058
Mega Image Shop&Go,"Intrarea Răscoalei 14, Pantelimon",44.4599225,26.2241577,3000,10.157941176470588,0.0715794117647058
La Doi Paşi,"Strada Școlii, Voluntari",44.4901173,26.2010197,3000,10.157941176470588,0.0715794117647058
Paine,"Șoseaua Colentina 25, Voluntari",44.4858945,26.178391,2800,9.677894736842106,0.068778947368421
La doi paşi,"Bulevardul Voluntari nr. 72D, Voluntari",44.4880897,26.1834737,2800,9.677894736842106,0.068778947368421
Minimarket,"Bulevardul Eroilor 68, Voluntari",44.48958289999999,26.1696772,2800,9.677894736842106,0.068778947368421
Regal Prompt SRL,"Strada Galata 55, Voluntari",44.4960941,26.1793615,2800,9.677894736842106,0.068778947368421
Magazin Alimentar,"Strada Craiovei 97, Voluntari",44.4939586,26.1602779,2800,9.677894736842106,0.068778947368421
La doi paşi,Mihai Eminescu,44.44421325375,26.119717568749998
La doi paşi,Strada Gherghiței 50b,44.473621412499995,26.1415359375
La doi paşi,Str. Liviu Rebreanu 2,44.4181717125,26.14698546875
La doi paşi,Strada Străduinței 1,44.382239739999996,26.117941193333333
La doi paşi,Aleea Poiana Cernei 3,44.425980575,26.043404730357143
La doi paşi,Aleea Pravț 16,44.426081341666666,26.040096008333332
