Name,Address,Latitude,Longitude
Target,"2900 Veterans Road West, Staten Island",40.52874370000001,-74.23235319999999
T.J. Maxx,"245 Bricktown Way, Staten Island",40.5299419,-74.2321693
HomeGoods,"165 Bricktown Way Ste 1d, Staten Island",40.52824979999999,-74.2284263
Costco Wholesale,"2975 Richmond Avenue, Staten Island",40.5728124,-74.16876859999999
Macy's,"100 Richmond Hill Road, Staten Island",40.5835395,-74.1652824
JCPenney,"140 Marsh Avenue, Staten Island",40.5812698,-74.16377039999999
Macy's Furniture Gallery,"98 Richmond Hill Road, Staten Island",40.58527000000001,-74.165886
HomeGoods,"2875 Richmond Avenue, Staten Island",40.5743605,-74.1675978
Target,"2873 Richmond Avenue, Staten Island",40.5748084,-74.1667899
Primark,"2655 Richmond Avenue, Staten Island",40.58168059999999,-74.1659492
Sunglass Hut at Macy's,"100 Richmond Hill Road, Staten Island",40.5837022,-74.1656635
T.J. Maxx,"2530 Hylan Boulevard, Staten Island",40.569597,-74.10927500000001
Marshalls,"2485 Richmond Avenue, Staten Island",40.5874064,-74.1669661
Lot-Less,"3155 Amboy Road, Staten Island",40.5644268,-74.1339744
HomeGoods,"2718 Hylan Boulevard, Staten Island",40.56513899999999,-74.11303
Marshalls,"2656 Hylan Boulevard, Staten Island",40.5672781,-74.1125576
Kohl's,"8973 Bay Parkway Ste 1, Brooklyn",40.593163,-74.00099999999999
DII Deals & Discounts,"626 Sheepshead Bay Road, Brooklyn",40.57877980000001,-73.9753709
Jackie's Department Store,"132 Brighton Beach Avenue, Brooklyn",40.57625729999999,-73.96702909999999
Target,"8973-95 Bay Parkway, Brooklyn",40.59391929999999,-74.00118479999999
Marshalls,"1623 Avenue Y, Brooklyn",40.5904065,-73.95306830000001
Macy's,"2027 Emmons Avenue, Brooklyn",40.584123,-73.946919
Burlington,"1801 South Avenue, Staten Island",40.6012756,-74.1917814
Target,"621 West Edgar Road, Linden",40.61902969999999,-74.24342659999999
Kohl's,"2239 Forest Avenue, Staten Island",40.62818190000001,-74.1649156
Marshalls,"625 West Edgar Road, Linden",40.6187501,-74.2446763
Burlington,"1701 West Edgar Road Units C D, Linden",40.6125099,-74.2544302
T.J. Maxx,"1701 West Edgar Road, Linden",40.6126546,-74.2544297
DII Deals & Discounts,"DII Stores, 2040 Forest Avenue, Staten Island",40.62478360000001,-74.1567499
Jembro Stores,"1756 Forest Avenue, Staten Island",40.6246599,-74.14727789999999
T.J. Maxx & HomeGoods,"1509 Forest Avenue, Staten Island",40.6263776,-74.1378734
Telco Stores,"1399 Forest Avenue, Staten Island",40.6253738,-74.1358413
Target,"1520 Forest Avenue, Staten Island",40.6239435,-74.1390651
Apple Department Store III,"102 Port Richmond Avenue, Staten Island",40.6387216,-74.1333092
Coast Guard Exchange,"228 Coast Guard Drive, Staten Island",40.6036691,-74.06380430000002
Pride African & Caribbean Str,"197 Broad Street, Staten Island",40.6242072,-74.0814383
De Luca General Store,"1253 Bay Street, Staten Island",40.6128496,-74.065005
Marshalls,"1832 86th Street, Brooklyn",40.6062901,-74.002099
DII Deals & Discounts,"8701 4th Avenue, Brooklyn",40.6216335,-74.028446
DII Deals & Discounts,"6910 5th Avenue, Brooklyn",40.63327659999999,-74.0212568
American Place At 86 Street,"1818 86th Street Unit 3, Brooklyn",40.60676439999999,-74.0021471
Hakam Shop 尚品优选,"848 64th Street, Brooklyn",40.6322757,-74.0107512
T.J. Maxx,"1630 East 15th Street, Brooklyn",40.6092298,-73.9585137
National Wholesale Liquidators,"2201 59th Street, Brooklyn",40.61712709999999,-73.9772152
Telco Stores,"6708 18th Avenue, Brooklyn",40.617711,-73.9919761
Target,"6401 18th Avenue, Brooklyn",40.6192661,-73.9891552
Telco Stores,"109 Avenue U, Brooklyn",40.59646310000001,-73.9801804
LotStop,"2018 Stillwell Avenue, Brooklyn",40.5971966,-73.9855201
PINK TREE INC.,"7018 18th Avenue, Brooklyn",40.61601,-73.99370979999999
NEVER2MUCH MARKET,"1989 Coney Island Avenue, Brooklyn",40.6087442,-73.9619444
Target,"1715 East 13th Street, Brooklyn",40.60766909999999,-73.9595762
Marshalls,"1710 East 14th Street, Brooklyn",40.6077131,-73.9593117
Telco Stores,"1702 Kings Highway, Brooklyn",40.6094357,-73.9562732
5606 Discount Store Corporation,"5606 5th Avenue, Brooklyn",40.6417402,-74.014166
Telco Stores,"2901 Avenue U, Brooklyn",40.600587,-73.942655
Target,"1598 Flatbush Avenue, Brooklyn",40.6315059,-73.9467515
Macy's,"5400 Avenue U, Brooklyn",40.6105232,-73.9191614
HomeGoods,"2201 Nostrand Avenue, Brooklyn",40.6313809,-73.9466496
Telco Stores,"Parking lot, 1910 Ralph Avenue, Brooklyn",40.63080069999999,-73.91915010000001
Burlington,"5202 Kings Plaza, Brooklyn",40.6091041,-73.92033459999999
Primark,"5100 Kings Plaza, Brooklyn",40.6090732,-73.9201487
Target,"5100 Kings Plaza Ste 2201, Brooklyn",40.6098704,-73.9196736
Telco,"1520 Flatbush Avenue, Brooklyn",40.6336912,-73.94883879999999
Feng Sheng Shop,"2107 Nostrand Avenue, Brooklyn",40.6342138,-73.9476569
Family Home Deals,"5801 Flatlands Avenue, Brooklyn",40.63154979999999,-73.92002269999999
Target,"5200 Kings Highway Ste A, Brooklyn",40.63627040000001,-73.92707349999999
Backpacks and Sneaker Corner,"1447 East 84th Street, Brooklyn",40.62843,-73.90002100000001
Costco Wholesale,"605 Rockaway Turnpike, Lawrence",40.6304495,-73.74006589999999
Marshalls,"345 Rockaway Turnpike, Lawrence",40.626172,-73.739892
T.J. Maxx,"25300 Rockaway Boulevard, Rosedale",40.6366322,-73.7381036
Burlington,"345-365 Rockaway Turnpike UNIT #290, Lawrence",40.6265275,-73.7388078
The Suitery,"479 Central Avenue, Cedarhurst",40.620844,-73.72431759999999
Super Deal Stores,"25301 Rockaway Boulevard #9, Rosedale",40.6373391,-73.7386976
Target,"345 Rockaway Turnpike, Lawrence",40.6265313,-73.73828499999999
Costco Wholesale,"3705 Hampton Road, Oceanside",40.6189143,-73.6517813
Marshalls,"3544-3584 Long Beach Road, Oceanside",40.6239597,-73.6408599
Kohl's,"3600 Long Beach Road, Oceanside",40.6229635,-73.6423992
T.J. Maxx,"3221 Long Beach Road, Oceanside",40.6330469,-73.6401843
Kohl's,"1900 East Linden Avenue, Linden",40.6438369,-74.2289505
Forman Mills,"647 Newark Avenue, Elizabeth",40.6777357,-74.2104525
Burlington,"651 Kapkowski Road Suite #30, Elizabeth",40.6612009,-74.1725304
Marshalls,"651 Kapkowski Road, Elizabeth",40.6600088,-74.1696729
Stephan Wholeale,"826 Pearl Street #11, Elizabeth",40.6601744,-74.2190313
Bobby's Department Store,"51 Broad Street, Elizabeth",40.6636986,-74.2144589
Shoppers World,"100-106 East Broad Street, Elizabeth",40.665467,-74.2151109
Primark,"651 Kapkowski Road Suite 200, Elizabeth",40.659969,-74.17301719999999
Cohoes,"651 Kapkowski Road Suite 70, Elizabeth",40.6611419,-74.1726214
Walmart Supercenter,"500 Bayonne Crossing Way, Bayonne",40.6599096,-74.1065611
Price Tag,"587 Broadway, Bayonne",40.66714090000001,-74.11576079999999
T.J. Maxx,"105 Lefante Way, Bayonne",40.667328,-74.103346
DII Deals & Discounts,"483 Broadway, Bayonne",40.6637766,-74.1188798
HomeGoods,"110 Lefante Way, Bayonne",40.6677668,-74.10320829999999
Costco Wholesale,"21 Goldsborough Drive, Bayonne",40.673383,-74.10405279999999
Nordstrom Rack,"15 Richmond Terrace, Staten Island",40.6431453,-74.075591
Value King,"1 Ocean Avenue, Jersey City",40.6898536,-74.0978702
Costco Wholesale,"976 3rd Avenue, Brooklyn",40.6557617,-74.0092635
Steve Supply Corporation,"210 41st Street #103, Brooklyn",40.6538568,-74.0115727
t.u.s 99¢ & Up,"4402 4th Avenue, Brooklyn",40.649878,-74.00944319999999
The General Store,"220 36th Street, Brooklyn",40.65618829999999,-74.00777149999999
Macy's,"422 Fulton Street, Brooklyn",40.6906271,-73.9860836
Marshalls,"625 Atlantic Avenue, Brooklyn",40.683696,-73.975546
Target,"139 Flatbush Avenue, Brooklyn",40.6845887,-73.97691920000001
Burlington,"625 Atlantic Avenue, Brooklyn",40.68367490000001,-73.97482029999999
Cookie's Department Stores,"982 Flatbush Avenue, Brooklyn",40.6472718,-73.9585324
Bobby's Department Store,"1628 Church Avenue, Brooklyn",40.6486841,-73.9641895
Sunglass Hut at Macy's,"422 Fulton Street, Brooklyn",40.6899751,-73.9861956
Marshalls,"241 Atlantic Avenue, Brooklyn",40.6895248,-73.99113179999999
Target,"445 Albee Square West, Brooklyn",40.6903829,-73.98320389999999
T.J. Maxx,"503 Fulton Street, Brooklyn",40.6908187,-73.9847946
Bobby's Department Store,"1601 Church Avenue, Brooklyn",40.6489877,-73.9647026
Haseeb 99¢,"2010 Church Avenue, Brooklyn",40.6499722,-73.96055009999999
Walgreens,"724 Flatbush Avenue, Brooklyn",40.6554119,-73.9601058
Target,"2101 Church Avenue, Brooklyn",40.6503808,-73.95932739999999
Burlington,"2163 Tilden Avenue, Brooklyn",40.6466821,-73.9575376
Deals Plus Inc.,"1175 Nostrand Avenue, Brooklyn",40.658805,-73.9501499
Burlington,"490 Fulton Street, Brooklyn",40.6896459,-73.9832211
Dillard's,"419 East 34th Street, Brooklyn",40.6465292,-73.9450284
Primark,"445 Albee Square West, Brooklyn",40.69016489999999,-73.9832291
Lot-Less,"44 Court Street, Brooklyn",40.6926779,-73.9911248
Bobby's Department Store,"823 Utica Avenue, Brooklyn",40.6527778,-73.9302778
Shoppers World,"1572 Pitkin Avenue, Brooklyn",40.6687484,-73.9156366
Peoples Department Store,"4 Ralph Avenue, Brooklyn",40.6904774,-73.92447430000001
Talotsing,"1690 Atlantic Avenue, Brooklyn",40.6773986,-73.9346389
Target,"519 Gateway Drive, Brooklyn",40.6529944,-73.870071
Marshalls,"351 Gateway Drive, Brooklyn",40.651325,-73.8731
JCPenney,"360 Gateway Drive, Brooklyn",40.6518682,-73.8746732
T.J. Maxx,"410 Gateway Drive, Brooklyn",40.65276910000001,-73.87289860000001
Burlington,"410 Gateway Drive, Brooklyn",40.65266889999999,-73.8728718
Super Savings Dept Store & Furniture,"691 New Lots Avenue, Brooklyn",40.665784,-73.8844711
Brothers 99¢ Plus & Hardware Corp,"1134 Liberty Avenue, Brooklyn",40.67845490000001,-73.8674279
Kenny's Department Store,"1181 Liberty Avenue, Brooklyn",40.679123,-73.8657511
Marshalls,"9210 Rockaway Boulevard, Ozone Park",40.680415,-73.846622
DII Deals & Discounts,"80-25 Jamaica Avenue, Woodhaven",40.6923466,-73.8616347
Family Discount Department stores,"93-10 Rockaway Boulevard, Ozone Park",40.6805057,-73.84571989999999
DII Deals & Discounts,"104-11 Liberty Avenue, Ozone Park",40.68244929999999,-73.83647909999999
Sunshine Pharmacy Inc.,"80-03 Atlantic Avenue, Woodhaven",40.68515499999999,-73.86028
Western Beef Supermarket,"130-35 Merrick Boulevard, Rochdale Village",40.6806838,-73.76168299999999
"DFS John F. Kennedy International Airport, New York","John F. Kennedy International Airport, Terminal 4, Terminal 4 Departures 3rd Floor, Queens",40.6433939,-73.78195819999999
Rochdale Outlet Department Store,"16520 Baisley Boulevard, Rochdale Village",40.67835959999999,-73.7772804
Bed Bath Etc,"16598 Baisley Boulevard, Jamaica",40.678562,-73.7771289
Walmart Supercenter,"77 Green Acres Road South, Valley Stream",40.6615739,-73.7268041
Target,"500 Sunrise Highway, Valley Stream",40.6645869,-73.72075459999999
HomeGoods,"750 Sunrise Highway, Valley Stream",40.664125,-73.7269893
Burlington,"2034 Green Acres Mall, Valley Stream",40.6633399,-73.7271274
Macy's,"1000 Green Acres Mall, Valley Stream",40.662918,-73.721903
Macys Mens Store,"69 Green Acres Road South, Valley Stream",40.6615392,-73.7172066
Sunglass Hut at Macy's,"1000 Green Acres Mall, Valley Stream",40.6630073,-73.7220707
Primark,"2034 Green Acres Mall, 1051, Valley Stream",40.6620838,-73.71946729999999
HomeGoods,"150 North Village Avenue, Rockville Centre",40.6613506,-73.6494787
DII Deals & Discounts,"1717 Dutch Broadway Suite 7, Elmont",40.687901,-73.7059963
Marshalls,"256 Sunrise Highway, Freeport",40.6572935,-73.57159949999999
HomeGoods,"1644 Merrick Road, Merrick",40.65216110000001,-73.5593854
Target,"248 Sunrise Highway, Freeport",40.6555389,-73.57178859999999
Burlington,"222 Sunrise Highway, Freeport",40.6565812,-73.5726003
Marco Department Store Inc,"835 Broad Street, Newark",40.734445,-74.173368
Value Zone,"1040 Springfield Avenue, Irvington",40.7263025,-74.23078629999999
Barney's Bargain Stores,"1327 Liberty Avenue, Hillside",40.69862670000001,-74.23205820000001
Value Zone Department Store,"480 Chancellor Avenue, Irvington",40.7107529,-74.2287542
99¢ Lot,"125 Avon Avenue, Newark",40.7244863,-74.1943099
Value Zone Dept. Store Home Goods & Things,"325 Springfield Avenue, Newark",40.7336841,-74.19243449999999
ABC Super Stores,"161 Ferry Street, Newark",40.7291733,-74.1585453
Jembro Stores,"1745 Morris Avenue, Union",40.6948302,-74.25782629999999
Burlington,"1701 Morris Avenue, Union",40.6954574,-74.2559356
SaveSmart of Newark,"269 Ferry Street, Newark",40.7267028,-74.1505044
Rhodeside & Harwell Inc,"502, 60 Park Place, Newark",40.7383481,-74.1690009
Marshalls & HomeGoods,"701 New Jersey 440, Jersey City",40.7200665,-74.0962384
Lot-Less,"2839 John F. Kennedy Boulevard, Jersey City",40.7319203,-74.0660525
T.J. Maxx,"14 Wall Street, New York",40.7076082,-74.0104393
Target,"100 14th Street, Jersey City",40.7326867,-74.0362548
Macy's,"Newport Centre Mall, 20 Mall Drive East, Jersey City",40.72625199999999,-74.037353
Bloomingdale's,"504 Broadway, New York",40.7221565,-73.9992178
Lot-Less,"97 Chambers Street # 1805, New York",40.7148895,-74.0076218
Kohl's,"40 Mall Drive East, Jersey City",40.7275599,-74.0368998
Lot-Less,"299 Broadway # 4, New York",40.71521660000001,-74.0055893
JCPenney,"10 Mall Drive West, Jersey City",40.72558959999999,-74.03844040000001
Pearl River Mart,"452 Broadway, New York",40.720357,-74.0005647
The White Gown,"62 Grand Street 4th Floor, New York",40.7223592,-74.0032725
Marshalls,"206 Washington Street, New York",40.7134989,-74.01266509999999
Target,"255 Greenwich Street, New York",40.7143284,-74.01091439999999
Lot-Less,"95 Fulton Street, New York",40.7094703,-74.00605639999999
Kennedy Department Store Inc,"270 Central Avenue, Jersey City",40.743992,-74.05034069999999
Closeout Services Corporation.,"380 Rector Place, New York",40.7092827,-74.01811359999999
Sunglass Hut at Macy's,"20 Mall Drive East, Jersey City",40.7265788,-74.0373272
MUJI SOHO,"455 Broadway, New York",40.7207083,-74.00097459999999
Primark,"50 Mall Drive West, Jersey City",40.72846529999999,-74.03785359999999
Oceanus New York inc.,"30 Wall Street, New York",40.70692079999999,-74.01015819999999
Westfield World Trade Center,"185 Greenwich Street, New York",40.7114207,-74.0114897
Century 21 NYC,"22 Cortlandt Street, New York",40.7104702,-74.0105359
Sav’s Store,"40 Fulton Street, New York",40.7078943,-74.0049023
T.J. Maxx,"483 Broadway, New York",40.7217048,-74.00033549999999
Iza By Silvia D'Avila at Flying Solo,"419 Broome Street, New York",40.72107260000001,-73.998733
Piombo,"Piombo, Spring Street #149, New York",40.7244877,-74.00134919999999
Nordstrom Rack,"60 East 14th Street, New York",40.7343826,-73.990185
Marshalls,"620 6th Avenue, New York",40.740067,-73.9945349
T.J. Maxx,"620 6th Avenue, New York",40.740022,-73.9946556
Burlington,"707 6th Avenue, New York",40.7426666,-73.99325569999999
Burlington,"4 Union Square East, New York",40.734867,-73.991455
MUJI Chelsea,"16 West 19th Street, New York",40.73946179999999,-73.9925543
Lot-Less,"80 Clinton Street #2, New York",40.71864589999999,-73.9851937
SNOW XUE GAO New York Flagship Store,"208 Bowery, New York",40.721671,-73.9940015
Shoppers World,"60 Graham Avenue, Brooklyn",40.702932,-73.94223699999999
Telco Stores,"305 Broadway, Brooklyn",40.708437,-73.9574915
Pearl River Mart at Chelsea Market,"75 9th Avenue, New York",40.7428287,-74.00635249999999
Target,"400 Grand Street, New York",40.7164903,-73.9867718
Marshalls,"197 East Houston Street, New York",40.7223519,-73.9875872
Target,"600 Broadway, New York",40.7250231,-73.9965204
Target,"500 East 14th Street, New York",40.7302061,-73.9803563
Apple Department store,"247 Bedford Avenue, Brooklyn",40.7155855,-73.9597695
Lot Stop Department,"245 1st Avenue, New York",40.7317754,-73.9826815
MUJI Williamsburg,"200 Wythe Avenue, Brooklyn",40.7186174,-73.96165239999999
Nordstrom Store,"60 East 14th Street, New York",40.7343917,-73.9903092
Target,"10 Union Square East, New York",40.7345854,-73.989688
Fat Albert,"774 Broadway, Brooklyn",40.7000122,-73.9411011
DII Deals & Discounts,"775 Manhattan Avenue, Brooklyn",40.7272194,-73.9529306
Target,"512 2nd Avenue, New York",40.74141579999999,-73.9780066
Telco Stores,"58-09 Myrtle Avenue, Ridgewood",40.7007,-73.900932
Shoppers World,"422 Knickerbocker Avenue, Brooklyn",40.6994705,-73.9198608
Lot-Less,"66-73 Fresh Pond Road, Ridgewood",40.7067179,-73.89687409999999
ABC Super Stores,"300 Wyckoff Avenue, Brooklyn",40.6993481,-73.9110407
Liberty Department Stores,"54-30 Myrtle Avenue, Ridgewood",40.6996363,-73.9095883
Extreme Department Store,"54-08 Myrtle Avenue, Ridgewood",40.6994188,-73.9102707
Sam's Closeout,"6005 Myrtle Avenue, Ridgewood",40.7007163,-73.89807789999999
Telco Stores,"6080 Myrtle Avenue, Flushing",40.7006247,-73.8954208
DII Deals & Discounts,"6642 Fresh Pond Road, Ridgewood",40.7075702,-73.8977933
Macy's,"9001 Queens Boulevard, Elmhurst",40.7343519,-73.87158769999999
Costco Wholesale,"6135 Junction Boulevard, Rego Park",40.73297249999999,-73.86275700000002
Target,"8801 Queens Boulevard, Elmhurst",40.7357181,-73.8744498
JCPenney,"92-59 59th Avenue, Elmhurst",40.73495399999999,-73.867778
Macy's Furniture Gallery,"88-01 Queens Boulevard, Elmhurst",40.735559,-73.8749122
T.J. Maxx,"6101 Junction Boulevard, Rego Park",40.7327795,-73.8633653
Marshalls,"96-05 Queens Boulevard, Rego Park",40.73061599999999,-73.86225449999999
Burlington,"9605 Queens Boulevard, Rego Park",40.731424,-73.8618461
Lot-Less,"9632 Queens Boulevard, Rego Park",40.72941919999999,-73.86145119999999
T.J. Maxx,"80 - 16 Cooper Avenue, Glendale",40.7093237,-73.86943769999999
HomeGoods,"71-19 80th Street, Glendale",40.7077453,-73.8685419
Sunglass Hut at Macy's,"90-01 Queens Boulevard, Elmhurst",40.7344037,-73.8713054
Primark,"90-15 Queens Boulevard, Queens",40.73422739999999,-73.8708643
Marshalls,"168-23 Jamaica Avenue, Jamaica",40.70695,-73.79155519999999
Target,"7000 Austin Street, Forest Hills",40.7208767,-73.8473538
JEMBRO,"107-25 71st Avenue, Flushing",40.7209777,-73.8447036
Aden Department Store,"90-63 Sutphin Boulevard, Jamaica",40.701273,-73.8076158
JAMAICA CRAZY HOT DEALS,"14908 Jamaica Avenue, Jamaica",40.7017938,-73.8052606
BRS 99C & UP VARIETY STORE INC,"160-15 Hillside Avenue, Jamaica",40.7082895,-73.8013576
Bottomline 57 Inc,"96-03 57th Avenue, Corona",40.737157,-73.864829
Burlington,"160-12 Jamaica Avenue, Jamaica",40.7037544,-73.79849999999999
Target,"160-08 Jamaica Avenue, Jamaica",40.70364259999999,-73.79847409999999
Primark,"162-10 Jamaica Avenue, Queens",40.7040841,-73.7971494
Telco Stores,"168-43 Jamaica Avenue, Jamaica",40.70708459999999,-73.7915089
Super V,"163-30 Jamaica Avenue, Jamaica",40.70491150000001,-73.7958807
Kohl's,"6111 188th Street, Fresh Meadows",40.74023179999999,-73.7856827
T.J. Maxx,"176-60 Union Turnpike, Fresh Meadows",40.72591329999999,-73.7902184
Deal Ninety Nine,11042 Merrick Boulevard,40.694756,-73.78213199999999
Marshalls,"600 Hempstead Turnpike, Elmont",40.709402,-73.701086
Target,"1730 Hempstead Turnpike, Elmont",40.7088687,-73.7039273
T.J. Maxx,"1445 Hempstead Turnpike U-A, Elmont",40.7066501,-73.6940811
HomeGoods,"661 Hillside Avenue, New Hyde Park",40.7421185,-73.69849239999999
Burlington,"650 Stewart Avenue, Garden City",40.730884,-73.608739
T.J. Maxx,"300 Peninsula Boulevard, Hempstead",40.7053409,-73.62475719999999
Target,"999 Corporate Drive, Westbury",40.741667,-73.60081819999999
Walmart,"1220 Old Country Road, Westbury",40.7436213,-73.6007924
Macy's,"630 Old Country Road Unit A3 Unit A3, Garden City",40.7362328,-73.6128458
Costco Wholesale,"1250 Old Country Road, Westbury",40.7439608,-73.597506
Walmart,"1123 Jerusalem Avenue, Uniondale",40.6958182,-73.5783683
JCPenney,"630 Old Country Road Unit A2, Garden City",40.73949959999999,-73.6140856
Bloomingdale's,"630 Old Country Road #27, Garden City",40.7384797,-73.6117002
Marshalls,"1240 Old Country Road, Carle Place",40.7435646,-73.59925780000002
Nordstrom,"630 Old Country Road, Garden City",40.7370859,-73.61099879999999
Marshalls,"1989 Front Street, East Meadow",40.72219469999999,-73.5627588
Nordstrom Rack,"1040 Old Country Road, Garden City",40.7424906,-73.6061404
Navy Exchange Main,"Mitchell Field #16, Garden City",40.7293325,-73.6013971
HomeGoods,"1030 Old Country Road, Westbury",40.74248,-73.606206
Anastasia Beverly Hills Brow Studio at Nordstrom,"630 Old Country Road, Garden City",40.736956,-73.6109409
Macy's Furniture Clearance Center,"155 Glen Cove Road, Carle Place",40.73666299999999,-73.61296399999999
Piombo,"Piombo Roosevelt Field, 630 Old Country Road, Garden City",40.7379804,-73.6129024
Primark,"630 Old Country Road, Garden City",40.7398946,-73.6135883
Marshalls,"8-12 Franklin Street, Bloomfield",40.78231600000001,-74.184322
Marshalls,"175 Passaic Avenue, Kearny",40.760792,-74.161294
Forman Mills,"585 Doctor Martin Luther King Junior Boulevard, East Orange",40.7669972,-74.2209191
Capricorn Enterprises Inc,"580 Central Avenue, East Orange",40.7613224,-74.2237159
Target,"200 Passaic Avenue, Kearny",40.76012329999999,-74.158718
Value Zone Department Store,"575 Bloomfield Avenue, Bloomfield",40.79322499999999,-74.1972828
Walmart Supercenter,"150 Harrison Avenue, Kearny",40.7475887,-74.1375757
DII Deals & Discounts,"361 Central Avenue, Jersey City",40.747591,-74.04851250000002
Walmart Supercenter,"400 Park Place, Secaucus",40.79298029999999,-74.0423136
Shoppers World,"3127 John F. Kennedy Boulevard, North Bergen",40.77550859999999,-74.0364015
Kohl's,"3 Mill Creek Drive, Secaucus",40.7917366,-74.0520629
Marshalls & HomeGoods,"400 Mill Creek Drive, Secaucus",40.7923413,-74.04856529999999
T.J. Maxx,"21 Mill Creek Drive, Secaucus",40.793153,-74.0514962
Reiss Discount Center,"4811 Bergenline Avenue, Union City",40.7818279,-74.0218493
MANNY'S OUTLET CO.,"325 48th Street, Union City",40.7811584,-74.02098219999999
Telco Stores,"4912 Bergenline Avenue, West New York",40.7826053,-74.02078530000001
Target,"258 8th Avenue, New York",40.74551199999999,-73.997897
Target,"615 10th Avenue, New York",40.7613879,-73.994646
Burlington,"31 Mill Creek Drive, Secaucus",40.793661,-74.0514931
Macy's,"151 West 34th Street, New York",40.75083099999999,-73.9890961
T.J. Maxx,"250 West 57th Street, New York",40.7665182,-73.9827963
Bloomingdale's,"59th Street and, 1000 Third Avenue, Lexington Avenue, New York",40.762268,-73.967247
T.J. Maxx,"407 East 59th Street, New York",40.7595404,-73.961351
Saks Fifth Avenue Corporation Office,"117 West 57th Street, New York",40.7649042,-73.9779409
Isetan Co Ltd,"1411 Broadway # 2550, New York",40.7542068,-73.9875569
ZITOMER,"969 Madison Avenue, New York",40.77412899999999,-73.9635571
Sunglass Hut at Macy's,"160 West 35th Street, New York",40.7508414,-73.9892346
Nordstrom Rack,"865 6th Avenue, New York",40.7478391,-73.98951869999999
Target,"112 West 34th Street, New York",40.7501207,-73.9889452
Lot-Less,"206 West 40th Street, New York",40.7548644,-73.9887236
MUJI Fifth Avenue,"475 5th Avenue, New York",40.7524878,-73.9813489
Saks Fifth Avenue Windows,"611 5th Ave, New York, NY 10022, New York",40.7581047,-73.9769487
Marshalls,"2182 Broadway, New York",40.7828654,-73.9803113
Saks Fifth Avenue,"611 5th Avenue, New York",40.758138,-73.97725609999999
Body & Soul Cosmetics,"712 5th Avenue, New York",40.76228219999999,-73.9750365
West Central Park,"234 West 39th Street STE 900, New York",40.7545359,-73.9898699
Lot Stop Department,"450 7th Avenue, New York",40.75136090000001,-73.9905976
Woops! Macarons & Gifts (Macy's Holiday Square),"151 West 34th Street, New York",40.7508631,-73.98906339999999
R.H.Macy & Co,"131 West 35th Street, New York",40.7512559,-73.9886245
Target,"237 West 42nd Street, New York",40.7568781,-73.9884067
Mad Under,"7 East 44th Street, New York",40.75452919999999,-73.97902169999999
Nordstrom Men's Store,"235 West 57th Street, New York",40.7666966,-73.98210259999999
Nordstrom,"225 West 57th Street, New York",40.766245,-73.981246
Torque,"800 3rd Avenue Suite A #1007, New York",40.7556476,-73.9713866
Marshalls,"48-18 Northern Boulevard, Long Island City",40.7529144,-73.91444589999999
DII Deals & Discounts,"3611 Broadway, Long Island City",40.759964,-73.9208069
Costco Wholesale,"3250 Vernon Boulevard, Long Island City",40.7675325,-73.9391115
D II Store,"36 1 Broadway, Astoria",40.76012259999999,-73.9208517
American Outlet Center,"1950 3rd Avenue #107, New York",40.7923936,-73.94431550000002
Target,"25-01 Jackson Avenue, Long Island City",40.7472594,-73.9443527
TESO LIFE,"24-29 Jackson Avenue, Long Island City",40.7466484,-73.94455599999999
R P Veneamerica,"30-15 39th Avenue, Long Island City",40.7529445,-73.9330544
Saks OFF 5TH,"125 East 57th Street, New York",40.7613523,-73.9696701
Shinsegae Inc NY Office,"750 Lexington Avenue Fl 9, New York",40.7626903,-73.9682642
MUJI 59th Street,"127 East 59th Street, New York",40.7626915,-73.9686566
Target,"1201 3rd Avenue, New York",40.768116,-73.96144919999999
Local 3 United Store Workers,"31-21 31st Street 4th floor, Astoria",40.7637169,-73.9235592
Burlington,"34-54 48th Street, Long Island City",40.75240779999999,-73.9172324
Lot-Less,"4002 Broadway, Astoria",40.75864370000001,-73.91898379999999
Target,"150 East 86th Street, New York",40.7791136,-73.9550867
Target,"1863 Broadway, New York",40.7702294,-73.9824884
DII Deals & Discounts,"83-09 Roosevelt Avenue, Jackson Heights",40.747939,-73.8824717
Target,"40-25 82nd Street, Elmhurst",40.746944,-73.8836645
Lot-Less,"91-29 Roosevelt Avenue Inc, Jackson Heights",40.7485545,-73.87526079999999
Sama Department Store,"9108 Roosevelt Avenue, Jackson Heights",40.74845619999999,-73.8748963
T.J. Maxx,"22-06 31st Street, Astoria",40.7760594,-73.91124099999999
Macy's,"13650 Roosevelt Avenue, Flushing",40.759792,-73.828272
Target,"4024 College Point Boulevard Ste F600, Flushing",40.7573044,-73.835146
Target,"13505 20th Avenue, College Point",40.7837661,-73.83332639999999
T.J. Maxx,"136-03 20th Avenue, College Point",40.7836412,-73.831533
Sunglass Hut at Macy's,"136-50 Roosevelt Avenue, Flushing",40.75984589999999,-73.8279896
Cartier Watches | COSMOS - 뉴욕 퀸즈 플러싱 명품 백화점,"150-24 Northern Boulevard G1, Queens",40.7649098,-73.81443209999999
Marshalls,"40-24 College Point Boulevard, Flushing",40.7567066,-73.8353581
Jembro Stores,"136-35 Roosevelt Avenue, Flushing",40.7600342,-73.82892160000002
Home & Home,"31-85 Whitestone Expressway, Flushing",40.7669106,-73.83719700000002
Burlington,"40-24 College Point Boulevard D426, Flushing",40.75744720000001,-73.8355656
Royal Home Goods,"3651 College Point Boulevard, Flushing",40.76045319999999,-73.8346731
HomeGoods,"134-01 20th Avenue, College Point",40.7824044,-73.8348146
HomeGoods,"23-80 Bell Boulevard, Bay Terrace",40.7805579,-73.7766212
Burlington,"258-01 Union Turnpike, Glen Oaks",40.7464337,-73.7137328
Target,"1400 Union Turnpike, New Hyde Park",40.7531922,-73.69556639999999
Macy's,"1100 Northern Boulevard, Manhasset",40.78846819999999,-73.702364
T.J. Maxx,"2315 New Hyde Park Road, New Hyde Park",40.75674679999999,-73.68946059999999
Marshalls,"1380 Northern Boulevard, Manhasset",40.7928998,-73.695302
Nordstrom Rack,"1400 Northern Boulevard, Manhasset",40.7927364,-73.6948082
Sunglass Hut at Macy's,"1100 Northern Boulevard, Manhasset",40.7884969,-73.70218349999999
Macy's Furniture Gallery,"155 Glen Cove Road, Carle Place",40.7453204,-73.6164441
T.J. Maxx,"217 Glen Cove Road, Carle Place",40.7475577,-73.6155787
Homesense,"177 Old Country Road, Carle Place",40.7445854,-73.6144877
Kohl's,"28 Jericho Turnpike, Jericho",40.778286,-73.5664955
Burlington,"495 Prospect Avenue, West Orange",40.7939039,-74.2547005
Costco Wholesale,"20 Bridewell Place, Clifton",40.8314891,-74.1367906
Kohl's,"14 Main Avenue, Clifton",40.8295488,-74.1429974
Target,"30 Kingsland Road, Clifton",40.8245909,-74.1351901
T.J. Maxx,"423 Valley Brook Avenue, Lyndhurst",40.8127176,-74.122596
HomeGoods,"558 New York Avenue, Lyndhurst",40.812816,-74.120768
Burlington,"415 New Jersey 3, Clifton",40.8300825,-74.140787
Marshalls,"65 New Jersey 17, East Rutherford",40.83115599999999,-74.0933733
The ADdress,"1 American Dream Way, East Rutherford",40.8094502,-74.06692679999999
Primark,"1 American Dream Way D350, East Rutherford",40.8097258,-74.06657710000002
Saks Fifth Avenue,"1 American Dream Way Suite F140, East Rutherford",40.8112052,-74.0647947
Burlington,"8101 Tonnelle Avenue, North Bergen",40.8088956,-74.0189244
Walmart Supercenter,"2100 88th Street, North Bergen",40.8140446,-74.0134869
Target,"7101 Tonnelle Avenue, North Bergen",40.8015426,-74.0221469
Universal 99¢ & Plus,"6403 Bergenline Avenue, West New York",40.792668,-74.013814
Khalpera,"65 Railroad Avenue Unit 5-A, Ridgefield",40.8282322,-74.0134869
Target,"543 River Road, Edgewater",40.8140101,-73.9817174
T.J. Maxx,"808 Columbus Avenue, New York",40.79489239999999,-73.9663853
Marshalls,"497 River Road, Edgewater",40.8113044,-73.98204179999999
HomeGoods,"795 Columbus Avenue, New York",40.79464979999999,-73.9659842
T.J. Maxx,"477 River Road, Edgewater",40.811843,-73.984927
Marshalls,"125 West 125th Street, New York",40.8081263,-73.94585649999999
HomeGoods,"489 River Road, Edgewater",40.8111723,-73.9829111
El Mundo,"3300 Broadway, New York",40.8190738,-73.9555007
Burlington,"100-198 Doctor Martin Luther King Junior Boulevard, New York",40.80773250000001,-73.94617339999999
T.J. Maxx,"5 West 125th Street, New York",40.8069657,-73.94280979999999
Burlington,"547 River Road, Edgewater",40.8142926,-73.982576
Burlington,"808 Columbus Avenue, New York",40.7949946,-73.9662889
Target,"795 Columbus Avenue, New York",40.7941168,-73.96637050000001
Target,"123 West 125th Street, New York",40.8085527,-73.9469074
ABU DEPARTMENT STORE,United States,40.8067509,-73.943452
Target,"700 Exterior Street, The Bronx",40.823963,-73.9302874
Burlington,"517 East 117th Street, New York",40.795386,-73.9310222
Marshalls,"517 East 117th Street, New York",40.7955804,-73.9314109
Costco Wholesale,"517 East 117th Street, New York",40.795386,-73.9310222
Burlington,"700 Exterior Street Suite 302A, The Bronx",40.8239106,-73.92992
Marshalls,"610 Exterior Street, The Bronx",40.8218624,-73.930208
J Department Store,"2254 3rd Avenue, New York",40.80216060000001,-73.9371802
Cookie's Department Stores,"567 Melrose Avenue, The Bronx",40.816638,-73.9177948
Forman Mills,"3036 Third Avenue, The Bronx",40.81979800000001,-73.9128709
American Outlet Inc,"2151 3rd Avenue, New York",40.7989085,-73.93903390000001
See & See Department Store,"2929 Third Avenue, The Bronx",40.8176278,-73.915836
American Outlet,"2929 Third Avenue, The Bronx",40.8176288,-73.91583589999999
Burlington,"2952 Third Avenue, The Bronx",40.81785199999999,-73.91472619999999
Marshalls,"2952 Third Avenue, The Bronx",40.8179276,-73.9147179
Extreme Department Store,"204 East 161st Street, The Bronx",40.8248888,-73.9212151
Value King,"1180 Webster Avenue, The Bronx",40.8312773,-73.90998019999999
T.J. Maxx,"961 East 174th Street, The Bronx",40.8366649,-73.8852478
Marshalls,"845 White Plains Road, The Bronx",40.82307309999999,-73.8590291
Cee & Cee Store,"831 Soundview Avenue #3, The Bronx",40.82213589999999,-73.86761469999999
ABC Super Stores,"985 Southern Boulevard, The Bronx",40.8222554,-73.8921194
EXTEREM DEPARMT STORE,"1457 Westchester Avenue, The Bronx",40.8286329,-73.88173789999999
Burlington,"1925 Turnbull Avenue, The Bronx",40.8236327,-73.8562919
King's Department Store,"870 East Tremont Avenue, The Bronx",40.8428288,-73.88612739999999
Macy's,"1441 Metropolitan Avenue Fl 2, The Bronx",40.8364825,-73.8612062
T.J. Maxx,"815 Hutchinson River Parkway, The Bronx",40.8227437,-73.83705929999999
Target,"815 Hutchinson River Parkway, The Bronx",40.8242614,-73.8374718
Marshalls,"1450 East Avenue, The Bronx",40.8363586,-73.8600828
Sunglass Hut at Macy's,"1441 Metropolitan Avenue, The Bronx",40.83625749999999,-73.8614968
People's Department Store,"1921 Westchester Avenue, The Bronx",40.83359,-73.85986799999999
Dollar Heaven Disc Store Inc,"1657 Metropolitan Avenue, The Bronx",40.8406955,-73.8557823
Navy Exchange Fleet,"300 Steamboat Road Delano Hall, Kings Point",40.8109094,-73.76252339999999
Target,"101 Shore Road, Port Washington",40.8412312,-73.70480189999999
HomeGoods,"75 Old Shore Road, Port Washington",40.838677,-73.70182799999999
T.J. Maxx,"2 Soundview Market Place, Port Washington",40.8423513,-73.7064699
T.J. Maxx,"90 Northern Boulevard, Greenvale",40.8084985,-73.6291301
Kohl's,"1710 U.S. 46, Woodland Park",40.8857556,-74.21249259999999
Siraj Islamic Lifestyle Store,"421 Broad Street Unit C, Clifton",40.8813432,-74.167794
Walmart Supercenter,"174 Passaic Street, Garfield",40.8666623,-74.1010551
DII Deals & Discounts,"56-58 Lexington Avenue, Passaic",40.8640861,-74.1269531
Burlington,"174 Passaic Street #252, Garfield",40.8681061,-74.0984806
Marshalls,"174 Passaic Street, Garfield",40.868638,-74.098607
Telco Store,"8-10 Lexington Avenue, Passaic",40.86255209999999,-74.12692679999999
Angelo Department Store,"636 Main Avenue, Passaic",40.86051,-74.1250429
Value Zone,"90 Dayton Avenue, Passaic",40.8725318,-74.1199334
Bueno Bonito Barato,"90 Dayton Avenue, Passaic",40.8735162,-74.1202205
Burlington,"24 Barbour Avenue Space 300B, Passaic",40.87534309999999,-74.120598
Forman Mills,"2434 Barbour Avenue, Passaic",40.8757345,-74.1202121
Costco Wholesale,"2 Teterboro Landing Drive, Teterboro",40.8607928,-74.0644863
Walmart,"189 U.S. 46, Saddle Brook",40.8917599,-74.0935598
T.J. Maxx,"189 U.S. 46, Saddle Brook",40.8910877,-74.0953261
Walmart Supercenter,"1 Teterboro Landing Drive, Teterboro",40.8624557,-74.062508
ShopRazzi,"51 James Street, South Hackensack",40.8713019,-74.0546969
Costco Business Center,"80 South River Street, Hackensack",40.87624219999999,-74.0379212
Rocklin’s,"458 Cedar Lane, Teaneck",40.8890175,-74.0221933
Cosmos,"1642 Schlosser Street FL#1, Fort Lee",40.8505477,-73.9697875
Target,"40 West 225th Street #50, The Bronx",40.8733943,-73.90778929999999
Marshalls,"50 West 225th Street, The Bronx",40.87323899999999,-73.90847000000001
Marshalls,"2501 Grand Concourse, The Bronx",40.8627052,-73.8973855
Marshalls,"4211 Broadway Ste W2.2, New York",40.8488388,-73.9382711
DII Deals & Discounts,"4086 Broadway, New York",40.8444452,-73.9386639
Lot-Less,"55-45 Broadway, The Bronx",40.8783184,-73.9056097
Itemacy,"56 East 184th Street #16, The Bronx",40.8600467,-73.9014905
T.J. Maxx,"171 West 230th Street, The Bronx",40.8771138,-73.90510689999999
New York Department Store,"571 West 182nd Street, New York",40.849805,-73.93279129999999
Target,"602 West 181st Street, New York",40.8493569,-73.9342023
King Department Store,"571 West 188th Street, New York",40.85362419999999,-73.9300737
Mundo Dept. Store,"104 Sherman Avenue, New York",40.86403960000001,-73.9252138
Extreme Department Store,"88 Featherbed Lane, The Bronx",40.8459582,-73.9184867
207 Loco Hot Deals,"565 West 207th Street, New York",40.86654,-73.9196778
DII,"4950 Broadway, New York",40.8676692,-73.92041309999999
2NICE Department,"1793 Jerome Avenue, The Bronx",40.8492328,-73.9115947
2nice Department Store,"1793 Jerome Avenue, The Bronx",40.8492328,-73.9115947
Sama Department Store,"2458 Grand Concourse, The Bronx",40.8610953,-73.89750029999999
Burlington,"2503 Grand Concourse, The Bronx",40.8627747,-73.89734829999999
Target,"215 East Fordham Road, The Bronx",40.8624868,-73.8961046
Cee & Cee Department Store,"331 East Fordham Road, The Bronx",40.86215899999999,-73.89322589999999
Sama Department Store,"3 East Kingsbridge Road, The Bronx",40.8675112,-73.8969973
Loco hot deals,"59 East Kingsbridge Road, The Bronx",40.866988,-73.8958407
Burlington,"2543-61 Webster Avenue, The Bronx",40.8623894,-73.8910131
T.J. Maxx,"1 Fordham Plaza, The Bronx",40.8605059,-73.8902992
Williamsbridge Department Store Corp.,"2430 Williamsbridge Road, The Bronx",40.8617553,-73.8573074
Shopdecimals,"675 East 213th Street 1st floor, The Bronx",40.8795439,-73.86570460000002
JCPenney,"100 Baychester Avenue, The Bronx",40.8647649,-73.8263809
Marshalls,"352 Baychester Avenue, The Bronx",40.8684064,-73.829878
Macy's,"250 Baychester Avenue, The Bronx",40.8628634,-73.82805739999999
Sunglass Hut at Macy's,"250 Baychester Avenue, The Bronx",40.8628699,-73.82804879999999
Burlington,"350 Baychester Avenue, The Bronx",40.8685976,-73.82903329999999
Telco Stores,"3959 White Plains Road, The Bronx",40.88736599999999,-73.86095159999999
Sammys Department Super Store,United States,40.891677,-73.858093
HomeGoods,"861 Pelham Parkway, Pelham",40.890846,-73.8207991
Marshalls,"849 Pelham Parkway, Pelham Manor",40.8914791,-73.8207999
Marshalls,"465 U.S. 46, Totowa",40.895315,-74.2310991
Marshalls,"301 Main Street, Paterson",40.91518,-74.1731707
Ninety Nine Center Store,"424 Market Street, Paterson",40.913431,-74.1605889
Macy's,"1100 Willowbrook Mall, Wayne",40.89031479999999,-74.2578829
Macy's Furniture Gallery,"200 U.S. 46, Wayne",40.8924019,-74.25664069999999
T.J. Maxx,"215 U.S. 46, Totowa",40.89466609999999,-74.2273266
HomeGoods,"6 Willowbrook Boulevard, Wayne",40.89004000000001,-74.25101
Burlington,"77 Willowbrook Boulevard, Wayne",40.8867775,-74.25231099999999
Nordstrom Rack,"141 New Jersey 23, Wayne",40.8904947,-74.25410269999999
Costco Wholesale,"149 New Jersey 23, Wayne",40.8900821,-74.25488920000001
Union Super Store,"398 Union Avenue, Paterson",40.9206353,-74.18580949999999
Macy's,"Willowbrook Mall, Wayne",40.8903151,-74.2579317
Forman Mills,"670 Union Boulevard, Totowa",40.893899,-74.2242354
Dollar Wonder,"292 Main Street, Paterson",40.915174,-74.173751
Homesense,"465 U.S. 46, Totowa",40.8955548,-74.2328004
Burlington,"301 Main Street Units #128 & 310, Paterson",40.9151781,-74.17318089999999
Future Foil Inc,"295 Governor Street, Paterson",40.92217309999999,-74.1560343
Westfield Garden State Plaza,"One Garden State Plaza Parkway, Paramus",40.91817289999999,-74.076331
Target,"900 Bergen Town Center, Paramus",40.9163472,-74.061223
Macy's,"500 Garden State Plaza Boulevard, Paramus",40.9170566,-74.075484
Kohl's,"200 Bergen Town Center, Paramus",40.9150095,-74.0576904
Nordstrom Rack,"510 Bergen Town Center, Paramus",40.915566,-74.058238
Macy's Furniture Gallery,"275 Route 4, Paramus",40.91487900000001,-74.046802
Marshalls,"100 Bergen Town Center, Paramus",40.91447489999999,-74.05662319999999
Sunglass Hut at Macy's,"500 Garden State Plaza Boulevard, Paramus",40.9170553,-74.0754937
Macy's Mattress Department,"500 Garden State Plaza Boulevard, Paramus",40.91728249999999,-74.0751748
Nordstrom,"501 Garden State Plaza Boulevard, Paramus",40.9198404,-74.0756097
HomeGoods,"200B Bergen Town Center, Paramus",40.91509819999999,-74.05747509999999
Burlington,"180 Bergen Town Center, Paramus",40.91495219999999,-74.0592904
Target,"630 Main Street, Hackensack",40.8991912,-74.03900879999999
Bloomingdale's,"The Shops at Riverside, 400 Hackensack Avenue, Hackensack",40.9065233,-74.031136
Brooks Brothers,"390 Hackensack Avenue, Hackensack",40.9052237,-74.03030559999999
Solène,"1438 Queen Anne Road, Teaneck",40.90251799999999,-74.004809
Super Dollar Store,"101 West Palisade Avenue, Englewood",40.896575,-73.9788411
Macy's,"800 Central Park Avenue Ste 1, Yonkers",40.92868199999999,-73.855576
Marshalls,"750 Central Park Avenue, Yonkers",40.9249277,-73.85658389999999
T.J. Maxx,"750 Central Park Avenue, Yonkers",40.9259671,-73.8549124
HomeGoods,"750 Central Park Avenue, Yonkers",40.9256883,-73.8553639
Sunglass Hut at Macy's,"800 Central Park Avenue, Yonkers",40.9283335,-73.855674
Burlington,"750 Central Park Avenue, Yonkers",40.92593859999999,-73.8553912
Target,"500 East Sandford Boulevard, Mount Vernon",40.9004856,-73.81848169999999
Costco Wholesale,"1 Industrial Lane, New Rochelle",40.89634900000001,-73.7945562
T.J. Maxx,"600 East Sandford Boulevard, Mount Vernon",40.901793,-73.817999
Jds department store inc,"Jds Department Store Inc, 3915 Dyre Avenue, The Bronx",40.89371669999999,-73.82916929999999
Target,"9005 Xavier Drive, Yonkers",40.9280105,-73.85170029999999
Marshalls & HomeGoods,"200 Petersville Road, New Rochelle",40.9229986,-73.7726003
Burlington,"7 Wayne Hills Mall, Wayne",40.96207080000001,-74.2403198
Burlington,"651 New Jersey 17 Suite 2, Paramus",40.96414939999999,-74.07836150000001
T.J. Maxx,"34 East Ridgewood Avenue, Paramus",40.9654688,-74.0754951
HomeGoods,"651 New Jersey 17, Paramus",40.96466329999999,-74.0784211
Marshalls,"545 New Jersey 17, Paramus",40.9577743,-74.07575729999999
Macy's,"100 Paramus Park Mall, Paramus",40.958395,-74.069194
Sunglass Hut at Macy's,"100 Paramus Park, Paramus",40.95658599999999,-74.06863799999999
Homesense,"404 New Jersey 17, Paramus",40.9484725,-74.0707499
Marshalls,"550 Kinderkamack Road, Emerson",40.9813946,-74.0261148
Target,"29 Vervalen Street, Closter",40.9714031,-73.9573817
HomeGoods,"38 Vervalen Street, Closter",40.9709991,-73.9567873
Costco Wholesale,"20 Stew Leonard Drive, Yonkers",40.9747461,-73.86173529999999
T.J. Maxx,"35 Fitzgerald Street, Yonkers",40.96694189999999,-73.8574454
Kohl's,"2350 Central Park Avenue, Yonkers",40.97755139999999,-73.8288571
Burlington,"2500 Central Park Avenue, Yonkers",40.9823893,-73.8266794
Marshalls,"2490 Central Park Avenue, Yonkers",40.9813118,-73.8253203
Homesense,"2490 Central Park Avenue, Yonkers",40.98152829999999,-73.8251155