Name,Address,Latitude,Longitude,Income,Density,Traffic
Target,"2900 Veterans Road West, Staten Island",40.52874370000001,-74.23235319999999,103200.0,2786.24347826087,2.6830434782608696
T.J. Maxx,"245 Bricktown Way, Staten Island",40.5299419,-74.2321693,103200.0,2786.24347826087,2.6830434782608696
HomeGoods,"165 Bricktown Way Ste 1d, Staten Island",40.52824979999999,-74.2284263,103200.0,2786.24347826087,2.6830434782608696
Costco Wholesale,"2975 Richmond Avenue, Staten Island",40.5728124,-74.16876859999999,103200.0,2786.24347826087,2.6830434782608696
Macy's,"100 Richmond Hill Road, Staten Island",40.5835395,-74.1652824,81111.0,2295.704347826087,2.2145933478260877
JCPenney,"140 Marsh Avenue, Staten Island",40.5812698,-74.16377039999999,81111.0,2295.704347826087,2.2145933478260877
Macy's Furniture Gallery,"98 Richmond Hill Road, Staten Island",40.58527000000001,-74.165886,81111.0,2295.704347826087,2.2145933478260877
HomeGoods,"2875 Richmond Avenue, Staten Island",40.5743605,-74.1675978,103200.0,2786.24347826087,2.6830434782608696
Target,"2873 Richmond Avenue, Staten Island",40.5748084,-74.1667899,103200.0,2786.24347826087,2.6830434782608696
Primark,"2655 Richmond Avenue, Staten Island",40.58168059999999,-74.1659492,81111.0,2295.704347826087,2.2145933478260877
Sunglass Hut at Macy's,"100 Richmond Hill Road, Staten Island",40.5837022,-74.1656635,81111.0,2295.704347826087,2.2145933478260877
T.J. Maxx,"2530 Hylan Boulevard, Staten Island",40.569597,-74.10927500000001,81111.0,2295.704347826087,2.2145933478260877
Marshalls,"2485 Richmond Avenue, Staten Island",40.5874064,-74.1669661,81111.0,2295.704347826087,2.2145933478260877
Lot-Less,"3155 Amboy Road, Staten Island",40.5644268,-74.1339744,81111.0,2295.704347826087,2.2145933478260877
HomeGoods,"2718 Hylan Boulevard, Staten Island",40.56513899999999,-74.11303,81111.0,2295.704347826087,2.2145933478260877
Marshalls,"2656 Hylan Boulevard, Staten Island",40.5672781,-74.1125576,81111.0,2295.704347826087,2.2145933478260877
Kohl's,"8973 Bay Parkway Ste 1, Brooklyn",40.593163,-74.00099999999999,55977.0,2622.2046109510084,2.5662276109510085
DII Deals & Discounts,"626 Sheepshead Bay Road, Brooklyn",40.57877980000001,-73.9753709,41541.0,1502.564841498559,1.461023841498559
Jackie's Department Store,"132 Brighton Beach Avenue, Brooklyn",40.57625729999999,-73.96702909999999,41541.0,1502.564841498559,1.461023841498559
Target,"8973-95 Bay Parkway, Brooklyn",40.59391929999999,-74.00118479999999,55977.0,2622.2046109510084,2.5662276109510085
Marshalls,"1623 Avenue Y, Brooklyn",40.5904065,-73.95306830000001,64106.0,2300.4322766570604,2.23632627665706
Macy's,"2027 Emmons Avenue, Brooklyn",40.584123,-73.946919,64106.0,2300.4322766570604,2.23632627665706
Burlington,"1801 South Avenue, Staten Island",40.6012756,-74.1917814,103200.0,2786.24347826087,2.6830434782608696
Target,"621 West Edgar Road, Linden",40.61902969999999,-74.24342659999999,103200.0,2786.24347826087,2.6830434782608696
Kohl's,"2239 Forest Avenue, Staten Island",40.62818190000001,-74.1649156,72727.0,1900.704347826087,1.827977347826087
Marshalls,"625 West Edgar Road, Linden",40.6187501,-74.2446763,103200.0,2786.24347826087,2.6830434782608696
Burlington,"1701 West Edgar Road Units C D, Linden",40.6125099,-74.2544302,103200.0,2786.24347826087,2.6830434782608696
T.J. Maxx,"1701 West Edgar Road, Linden",40.6126546,-74.2544297,103200.0,2786.24347826087,2.6830434782608696
DII Deals & Discounts,"DII Stores, 2040 Forest Avenue, Staten Island",40.62478360000001,-74.1567499,72727.0,1900.704347826087,1.827977347826087
Jembro Stores,"1756 Forest Avenue, Staten Island",40.6246599,-74.14727789999999,72727.0,1900.704347826087,1.827977347826087
T.J. Maxx & HomeGoods,"1509 Forest Avenue, Staten Island",40.6263776,-74.1378734,72727.0,1900.704347826087,1.827977347826087
Telco Stores,"1399 Forest Avenue, Staten Island",40.6253738,-74.1358413,72727.0,1900.704347826087,1.827977347826087
Target,"1520 Forest Avenue, Staten Island",40.6239435,-74.1390651,72727.0,1900.704347826087,1.827977347826087
Apple Department Store III,"102 Port Richmond Avenue, Staten Island",40.6387216,-74.1333092,72727.0,1900.704347826087,1.827977347826087
Coast Guard Exchange,"228 Coast Guard Drive, Staten Island",40.6036691,-74.06380430000002,81111.0,2295.704347826087,2.2145933478260877
Pride African & Caribbean Str,"197 Broad Street, Staten Island",40.6242072,-74.0814383,72727.0,1900.704347826087,1.827977347826087
De Luca General Store,"1253 Bay Street, Staten Island",40.6128496,-74.065005,81111.0,2295.704347826087,2.2145933478260877
Marshalls,"1832 86th Street, Brooklyn",40.6062901,-74.002099,55977.0,2622.2046109510084,2.5662276109510085
DII Deals & Discounts,"8701 4th Avenue, Brooklyn",40.6216335,-74.028446,73633.0,1793.8184438040344,1.7201854438040345
DII Deals & Discounts,"6910 5th Avenue, Brooklyn",40.63327659999999,-74.0212568,73633.0,1793.8184438040344,1.7201854438040345
American Place At 86 Street,"1818 86th Street Unit 3, Brooklyn",40.60676439999999,-74.0021471,55977.0,2622.2046109510084,2.5662276109510085
Hakam Shop 尚品优选,"848 64th Street, Brooklyn",40.6322757,-74.0107512,57754.0,2757.665706051873,2.6999117060518727
T.J. Maxx,"1630 East 15th Street, Brooklyn",40.6092298,-73.9585137,64106.0,2300.4322766570604,2.23632627665706
National Wholesale Liquidators,"2201 59th Street, Brooklyn",40.61712709999999,-73.9772152,55977.0,2622.2046109510084,2.5662276109510085
Telco Stores,"6708 18th Avenue, Brooklyn",40.617711,-73.9919761,55977.0,2622.2046109510084,2.5662276109510085
Target,"6401 18th Avenue, Brooklyn",40.6192661,-73.9891552,55977.0,2622.2046109510084,2.5662276109510085
Telco Stores,"109 Avenue U, Brooklyn",40.59646310000001,-73.9801804,55977.0,2622.2046109510084,2.5662276109510085
LotStop,"2018 Stillwell Avenue, Brooklyn",40.5971966,-73.9855201,55977.0,2622.2046109510084,2.5662276109510085
PINK TREE INC.,"7018 18th Avenue, Brooklyn",40.61601,-73.99370979999999,55977.0,2622.2046109510084,2.5662276109510085
NEVER2MUCH MARKET,"1989 Coney Island Avenue, Brooklyn",40.6087442,-73.9619444,64106.0,2300.4322766570604,2.23632627665706
Target,"1715 East 13th Street, Brooklyn",40.60766909999999,-73.9595762,64106.0,2300.4322766570604,2.23632627665706
Marshalls,"1710 East 14th Street, Brooklyn",40.6077131,-73.9593117,64106.0,2300.4322766570604,2.23632627665706
Telco Stores,"1702 Kings Highway, Brooklyn",40.6094357,-73.9562732,64106.0,2300.4322766570604,2.23632627665706
5606 Discount Store Corporation,"5606 5th Avenue, Brooklyn",40.6417402,-74.014166,58841.0,1818.8760806916423,1.7600350806916425
Telco Stores,"2901 Avenue U, Brooklyn",40.600587,-73.942655,64106.0,2300.4322766570604,2.23632627665706
Target,"1598 Flatbush Avenue, Brooklyn",40.6315059,-73.9467515,66097.0,2315.0432276657057,2.248946227665705
Macy's,"5400 Avenue U, Brooklyn",40.6105232,-73.9191614,64106.0,2300.4322766570604,2.23632627665706
HomeGoods,"2201 Nostrand Avenue, Brooklyn",40.6313809,-73.9466496,66097.0,2315.0432276657057,2.248946227665705
Telco Stores,"Parking lot, 1910 Ralph Avenue, Brooklyn",40.63080069999999,-73.91915010000001,76340.0,2788.8040345821323,2.712464034582132
Burlington,"5202 Kings Plaza, Brooklyn",40.6091041,-73.92033459999999,64106.0,2300.4322766570604,2.23632627665706
Primark,"5100 Kings Plaza, Brooklyn",40.6090732,-73.9201487,64106.0,2300.4322766570604,2.23632627665706
Target,"5100 Kings Plaza Ste 2201, Brooklyn",40.6098704,-73.9196736,64106.0,2300.4322766570604,2.23632627665706
Telco,"1520 Flatbush Avenue, Brooklyn",40.6336912,-73.94883879999999,66097.0,2315.0432276657057,2.248946227665705
Feng Sheng Shop,"2107 Nostrand Avenue, Brooklyn",40.6342138,-73.9476569,66097.0,2315.0432276657057,2.248946227665705
Family Home Deals,"5801 Flatlands Avenue, Brooklyn",40.63154979999999,-73.92002269999999,76340.0,2788.8040345821323,2.712464034582132
Target,"5200 Kings Highway Ste A, Brooklyn",40.63627040000001,-73.92707349999999,60811.0,2237.0605187319884,2.1762495187319884
Backpacks and Sneaker Corner,"1447 East 84th Street, Brooklyn",40.62843,-73.90002100000001,76340.0,2788.8040345821323,2.712464034582132
Costco Wholesale,"605 Rockaway Turnpike, Lawrence",40.6304495,-73.74006589999999,68682.0,2078.371665133395,2.009689665133395
Marshalls,"345 Rockaway Turnpike, Lawrence",40.626172,-73.739892,68682.0,2078.371665133395,2.009689665133395
T.J. Maxx,"25300 Rockaway Boulevard, Rosedale",40.6366322,-73.7381036,68682.0,2078.371665133395,2.009689665133395
Burlington,"345-365 Rockaway Turnpike UNIT #290, Lawrence",40.6265275,-73.7388078,68682.0,2078.371665133395,2.009689665133395
The Suitery,"479 Central Avenue, Cedarhurst",40.620844,-73.72431759999999,68682.0,2078.371665133395,2.009689665133395
Super Deal Stores,"25301 Rockaway Boulevard #9, Rosedale",40.6373391,-73.7386976,68682.0,2078.371665133395,2.009689665133395
Target,"345 Rockaway Turnpike, Lawrence",40.6265313,-73.73828499999999,68682.0,2078.371665133395,2.009689665133395
Costco Wholesale,"3705 Hampton Road, Oceanside",40.6189143,-73.6517813,97288.0,1734.9862005519778,1.6376982005519778
Marshalls,"3544-3584 Long Beach Road, Oceanside",40.6239597,-73.6408599,97288.0,1734.9862005519778,1.6376982005519778
Kohl's,"3600 Long Beach Road, Oceanside",40.6229635,-73.6423992,97288.0,1734.9862005519778,1.6376982005519778
T.J. Maxx,"3221 Long Beach Road, Oceanside",40.6330469,-73.6401843,97288.0,1734.9862005519778,1.6376982005519778
Kohl's,"1900 East Linden Avenue, Linden",40.6438369,-74.2289505,103200.0,2786.24347826087,2.6830434782608696
Forman Mills,"647 Newark Avenue, Elizabeth",40.6777357,-74.2104525,72727.0,1900.704347826087,1.827977347826087
Burlington,"651 Kapkowski Road Suite #30, Elizabeth",40.6612009,-74.1725304,72727.0,1900.704347826087,1.827977347826087
Marshalls,"651 Kapkowski Road, Elizabeth",40.6600088,-74.1696729,72727.0,1900.704347826087,1.827977347826087
Stephan Wholeale,"826 Pearl Street #11, Elizabeth",40.6601744,-74.2190313,72727.0,1900.704347826087,1.827977347826087
Bobby's Department Store,"51 Broad Street, Elizabeth",40.6636986,-74.2144589,72727.0,1900.704347826087,1.827977347826087
Shoppers World,"100-106 East Broad Street, Elizabeth",40.665467,-74.2151109,72727.0,1900.704347826087,1.827977347826087
Primark,"651 Kapkowski Road Suite 200, Elizabeth",40.659969,-74.17301719999999,72727.0,1900.704347826087,1.827977347826087
Cohoes,"651 Kapkowski Road Suite 70, Elizabeth",40.6611419,-74.1726214,72727.0,1900.704347826087,1.827977347826087
Walmart Supercenter,"500 Bayonne Crossing Way, Bayonne",40.6599096,-74.1065611,72727.0,1900.704347826087,1.827977347826087
Price Tag,"587 Broadway, Bayonne",40.66714090000001,-74.11576079999999,72727.0,1900.704347826087,1.827977347826087
T.J. Maxx,"105 Lefante Way, Bayonne",40.667328,-74.103346,72727.0,1900.704347826087,1.827977347826087
DII Deals & Discounts,"483 Broadway, Bayonne",40.6637766,-74.1188798,72727.0,1900.704347826087,1.827977347826087
HomeGoods,"110 Lefante Way, Bayonne",40.6677668,-74.10320829999999,72727.0,1900.704347826087,1.827977347826087
Costco Wholesale,"21 Goldsborough Drive, Bayonne",40.673383,-74.10405279999999,72727.0,1900.704347826087,1.827977347826087
Nordstrom Rack,"15 Richmond Terrace, Staten Island",40.6431453,-74.075591,72727.0,1900.704347826087,1.827977347826087
Value King,"1 Ocean Avenue, Jersey City",40.6898536,-74.0978702,72727.0,1900.704347826087,1.827977347826087
Costco Wholesale,"976 3rd Avenue, Brooklyn",40.6557617,-74.0092635,58841.0,1818.8760806916423,1.7600350806916425
Steve Supply Corporation,"210 41st Street #103, Brooklyn",40.6538568,-74.0115727,58841.0,1818.8760806916423,1.7600350806916425
t.u.s 99¢ & Up,"4402 4th Avenue, Brooklyn",40.649878,-74.00944319999999,58841.0,1818.8760806916423,1.7600350806916425
The General Store,"220 36th Street, Brooklyn",40.65618829999999,-74.00777149999999,58841.0,1818.8760806916423,1.7600350806916425
Macy's,"422 Fulton Street, Brooklyn",40.6906271,-73.9860836,120556.0,1435.4034582132565,1.3148474582132563
Marshalls,"625 Atlantic Avenue, Brooklyn",40.683696,-73.975546,120556.0,1435.4034582132565,1.3148474582132563
Target,"139 Flatbush Avenue, Brooklyn",40.6845887,-73.97691920000001,120556.0,1435.4034582132565,1.3148474582132563
Burlington,"625 Atlantic Avenue, Brooklyn",40.68367490000001,-73.97482029999999,120556.0,1435.4034582132565,1.3148474582132563
Cookie's Department Stores,"982 Flatbush Avenue, Brooklyn",40.6472718,-73.9585324,66097.0,2315.0432276657057,2.248946227665705
Bobby's Department Store,"1628 Church Avenue, Brooklyn",40.6486841,-73.9641895,66097.0,2315.0432276657057,2.248946227665705
Sunglass Hut at Macy's,"422 Fulton Street, Brooklyn",40.6899751,-73.9861956,120556.0,1435.4034582132565,1.3148474582132563
Marshalls,"241 Atlantic Avenue, Brooklyn",40.6895248,-73.99113179999999,120556.0,1435.4034582132565,1.3148474582132563
Target,"445 Albee Square West, Brooklyn",40.6903829,-73.98320389999999,120556.0,1435.4034582132565,1.3148474582132563
T.J. Maxx,"503 Fulton Street, Brooklyn",40.6908187,-73.9847946,120556.0,1435.4034582132565,1.3148474582132563
Bobby's Department Store,"1601 Church Avenue, Brooklyn",40.6489877,-73.9647026,144733.0,1508.7752161383285,1.3640422161383283
Haseeb 99¢,"2010 Church Avenue, Brooklyn",40.6499722,-73.96055009999999,66097.0,2315.0432276657057,2.248946227665705
Walgreens,"724 Flatbush Avenue, Brooklyn",40.6554119,-73.9601058,73101.0,1387.8530259365994,1.3147520259365992
Target,"2101 Church Avenue, Brooklyn",40.6503808,-73.95932739999999,73101.0,1387.8530259365994,1.3147520259365992
Burlington,"2163 Tilden Avenue, Brooklyn",40.6466821,-73.9575376,66097.0,2315.0432276657057,2.248946227665705
Deals Plus Inc.,"1175 Nostrand Avenue, Brooklyn",40.658805,-73.9501499,73101.0,1387.8530259365994,1.3147520259365992
Burlington,"490 Fulton Street, Brooklyn",40.6896459,-73.9832211,120556.0,1435.4034582132565,1.3148474582132563
Dillard's,"419 East 34th Street, Brooklyn",40.6465292,-73.9450284,60811.0,2237.0605187319884,2.1762495187319884
Primark,"445 Albee Square West, Brooklyn",40.69016489999999,-73.9832291,120556.0,1435.4034582132565,1.3148474582132563
Lot-Less,"44 Court Street, Brooklyn",40.6926779,-73.9911248,120556.0,1435.4034582132565,1.3148474582132563
Bobby's Department Store,"823 Utica Avenue, Brooklyn",40.6527778,-73.9302778,60811.0,2237.0605187319884,2.1762495187319884
Shoppers World,"1572 Pitkin Avenue, Brooklyn",40.6687484,-73.9156366,38285.0,1245.936599423631,1.207651599423631
Peoples Department Store,"4 Ralph Avenue, Brooklyn",40.6904774,-73.92447430000001,70582.0,1622.9682997118157,1.552386299711816
Talotsing,"1690 Atlantic Avenue, Brooklyn",40.6773986,-73.9346389,73101.0,1387.8530259365994,1.3147520259365992
Target,"519 Gateway Drive, Brooklyn",40.6529944,-73.870071,82604.0,1125.998160073597,1.0433941600735972
Marshalls,"351 Gateway Drive, Brooklyn",40.651325,-73.8731,82604.0,1125.998160073597,1.0433941600735972
JCPenney,"360 Gateway Drive, Brooklyn",40.6518682,-73.8746732,82604.0,1125.998160073597,1.0433941600735972
T.J. Maxx,"410 Gateway Drive, Brooklyn",40.65276910000001,-73.87289860000001,82604.0,1125.998160073597,1.0433941600735972
Burlington,"410 Gateway Drive, Brooklyn",40.65266889999999,-73.8728718,82604.0,1125.998160073597,1.0433941600735972
Super Savings Dept Store & Furniture,"691 New Lots Avenue, Brooklyn",40.665784,-73.8844711,38285.0,1245.936599423631,1.207651599423631
Brothers 99¢ Plus & Hardware Corp,"1134 Liberty Avenue, Brooklyn",40.67845490000001,-73.8674279,75207.0,1318.4636614535418,1.243256661453542
Kenny's Department Store,"1181 Liberty Avenue, Brooklyn",40.679123,-73.8657511,75207.0,1318.4636614535418,1.243256661453542
Marshalls,"9210 Rockaway Boulevard, Ozone Park",40.680415,-73.846622,75207.0,1318.4636614535418,1.243256661453542
DII Deals & Discounts,"80-25 Jamaica Avenue, Woodhaven",40.6923466,-73.8616347,75207.0,1318.4636614535418,1.243256661453542
Family Discount Department stores,"93-10 Rockaway Boulevard, Ozone Park",40.6805057,-73.84571989999999,75207.0,1318.4636614535418,1.243256661453542
DII Deals & Discounts,"104-11 Liberty Avenue, Ozone Park",40.68244929999999,-73.83647909999999,75207.0,1318.4636614535418,1.243256661453542
Sunshine Pharmacy Inc.,"80-03 Atlantic Avenue, Woodhaven",40.68515499999999,-73.86028,75207.0,1318.4636614535418,1.243256661453542
Western Beef Supermarket,"130-35 Merrick Boulevard, Rochdale Village",40.6806838,-73.76168299999999,68682.0,2078.371665133395,2.009689665133395
"DFS John F. Kennedy International Airport, New York","John F. Kennedy International Airport, Terminal 4, Terminal 4 Departures 3rd Floor, Queens",40.6433939,-73.78195819999999,68682.0,2078.371665133395,2.009689665133395
Rochdale Outlet Department Store,"16520 Baisley Boulevard, Rochdale Village",40.67835959999999,-73.7772804,68682.0,2078.371665133395,2.009689665133395
Bed Bath Etc,"16598 Baisley Boulevard, Jamaica",40.678562,-73.7771289,68682.0,2078.371665133395,2.009689665133395
Walmart Supercenter,"77 Green Acres Road South, Valley Stream",40.6615739,-73.7268041,68682.0,2078.371665133395,2.009689665133395
Target,"500 Sunrise Highway, Valley Stream",40.6645869,-73.72075459999999,68682.0,2078.371665133395,2.009689665133395
HomeGoods,"750 Sunrise Highway, Valley Stream",40.664125,-73.7269893,68682.0,2078.371665133395,2.009689665133395
Burlington,"2034 Green Acres Mall, Valley Stream",40.6633399,-73.7271274,68682.0,2078.371665133395,2.009689665133395
Macy's,"1000 Green Acres Mall, Valley Stream",40.662918,-73.721903,68682.0,2078.371665133395,2.009689665133395
Macys Mens Store,"69 Green Acres Road South, Valley Stream",40.6615392,-73.7172066,68682.0,2078.371665133395,2.009689665133395
Sunglass Hut at Macy's,"1000 Green Acres Mall, Valley Stream",40.6630073,-73.7220707,68682.0,2078.371665133395,2.009689665133395
Primark,"2034 Green Acres Mall, 1051, Valley Stream",40.6620838,-73.71946729999999,68682.0,2078.371665133395,2.009689665133395
HomeGoods,"150 North Village Avenue, Rockville Centre",40.6613506,-73.6494787,97288.0,1734.9862005519778,1.6376982005519778
DII Deals & Discounts,"1717 Dutch Broadway Suite 7, Elmont",40.687901,-73.7059963,97288.0,1734.9862005519778,1.6376982005519778
Marshalls,"256 Sunrise Highway, Freeport",40.6572935,-73.57159949999999,97288.0,1734.9862005519778,1.6376982005519778
HomeGoods,"1644 Merrick Road, Merrick",40.65216110000001,-73.5593854,97288.0,1734.9862005519778,1.6376982005519778
Target,"248 Sunrise Highway, Freeport",40.6555389,-73.57178859999999,97288.0,1734.9862005519778,1.6376982005519778
Burlington,"222 Sunrise Highway, Freeport",40.6565812,-73.5726003,97288.0,1734.9862005519778,1.6376982005519778
Marco Department Store Inc,"835 Broad Street, Newark",40.734445,-74.173368,72727.0,1900.704347826087,1.827977347826087
Value Zone,"1040 Springfield Avenue, Irvington",40.7263025,-74.23078629999999,72727.0,1900.704347826087,1.827977347826087
Barney's Bargain Stores,"1327 Liberty Avenue, Hillside",40.69862670000001,-74.23205820000001,72727.0,1900.704347826087,1.827977347826087
Value Zone Department Store,"480 Chancellor Avenue, Irvington",40.7107529,-74.2287542,72727.0,1900.704347826087,1.827977347826087
99¢ Lot,"125 Avon Avenue, Newark",40.7244863,-74.1943099,72727.0,1900.704347826087,1.827977347826087
Value Zone Dept. Store Home Goods & Things,"325 Springfield Avenue, Newark",40.7336841,-74.19243449999999,72727.0,1900.704347826087,1.827977347826087
ABC Super Stores,"161 Ferry Street, Newark",40.7291733,-74.1585453,72727.0,1900.704347826087,1.827977347826087
Jembro Stores,"1745 Morris Avenue, Union",40.6948302,-74.25782629999999,72727.0,1900.704347826087,1.827977347826087
Burlington,"1701 Morris Avenue, Union",40.6954574,-74.2559356,72727.0,1900.704347826087,1.827977347826087
SaveSmart of Newark,"269 Ferry Street, Newark",40.7267028,-74.1505044,72727.0,1900.704347826087,1.827977347826087
Rhodeside & Harwell Inc,"502, 60 Park Place, Newark",40.7383481,-74.1690009,72727.0,1900.704347826087,1.827977347826087
Marshalls & HomeGoods,"701 New Jersey 440, Jersey City",40.7200665,-74.0962384,72727.0,1900.704347826087,1.827977347826087
Lot-Less,"2839 John F. Kennedy Boulevard, Jersey City",40.7319203,-74.0660525,57565.0,2686.2555066079294,2.6286905066079296
T.J. Maxx,"14 Wall Street, New York",40.7076082,-74.0104393,30967.0,2276.343612334802,2.245376612334802
Target,"100 14th Street, Jersey City",40.7326867,-74.0362548,57565.0,2686.2555066079294,2.6286905066079296
Macy's,"Newport Centre Mall, 20 Mall Drive East, Jersey City",40.72625199999999,-74.037353,57565.0,2686.2555066079294,2.6286905066079296
Bloomingdale's,"504 Broadway, New York",40.7221565,-73.9992178,57565.0,2686.2555066079294,2.6286905066079296
Lot-Less,"97 Chambers Street # 1805, New York",40.7148895,-74.0076218,57565.0,2686.2555066079294,2.6286905066079296
Kohl's,"40 Mall Drive East, Jersey City",40.7275599,-74.0368998,57565.0,2686.2555066079294,2.6286905066079296
Lot-Less,"299 Broadway # 4, New York",40.71521660000001,-74.0055893,61873.0,4548.237885462555,4.486364885462555
JCPenney,"10 Mall Drive West, Jersey City",40.72558959999999,-74.03844040000001,57565.0,2686.2555066079294,2.6286905066079296
Pearl River Mart,"452 Broadway, New York",40.720357,-74.0005647,57565.0,2686.2555066079294,2.6286905066079296
The White Gown,"62 Grand Street 4th Floor, New York",40.7223592,-74.0032725,57565.0,2686.2555066079294,2.6286905066079296
Marshalls,"206 Washington Street, New York",40.7134989,-74.01266509999999,57565.0,2686.2555066079294,2.6286905066079296
Target,"255 Greenwich Street, New York",40.7143284,-74.01091439999999,57565.0,2686.2555066079294,2.6286905066079296
Lot-Less,"95 Fulton Street, New York",40.7094703,-74.00605639999999,30967.0,2276.343612334802,2.245376612334802
Kennedy Department Store Inc,"270 Central Avenue, Jersey City",40.743992,-74.05034069999999,84978.0,3965.46255506608,3.88048455506608
Closeout Services Corporation.,"380 Rector Place, New York",40.7092827,-74.01811359999999,30967.0,2276.343612334802,2.245376612334802
Sunglass Hut at Macy's,"20 Mall Drive East, Jersey City",40.7265788,-74.0373272,57565.0,2686.2555066079294,2.6286905066079296
MUJI SOHO,"455 Broadway, New York",40.7207083,-74.00097459999999,57565.0,2686.2555066079294,2.6286905066079296
Primark,"50 Mall Drive West, Jersey City",40.72846529999999,-74.03785359999999,57565.0,2686.2555066079294,2.6286905066079296
Oceanus New York inc.,"30 Wall Street, New York",40.70692079999999,-74.01015819999999,30967.0,2276.343612334802,2.245376612334802
Westfield World Trade Center,"185 Greenwich Street, New York",40.7114207,-74.0114897,30967.0,2276.343612334802,2.245376612334802
Century 21 NYC,"22 Cortlandt Street, New York",40.7104702,-74.0105359,30967.0,2276.343612334802,2.245376612334802
Sav’s Store,"40 Fulton Street, New York",40.7078943,-74.0049023,30967.0,2276.343612334802,2.245376612334802
T.J. Maxx,"483 Broadway, New York",40.7217048,-74.00033549999999,57565.0,2686.2555066079294,2.6286905066079296
Iza By Silvia D'Avila at Flying Solo,"419 Broome Street, New York",40.72107260000001,-73.998733,57565.0,2686.2555066079294,2.6286905066079296
Piombo,"Piombo, Spring Street #149, New York",40.7244877,-74.00134919999999,84978.0,3965.46255506608,3.88048455506608
Nordstrom Rack,"60 East 14th Street, New York",40.7343826,-73.990185,84978.0,3965.46255506608,3.88048455506608
Marshalls,"620 6th Avenue, New York",40.740067,-73.9945349,84978.0,3965.46255506608,3.88048455506608
T.J. Maxx,"620 6th Avenue, New York",40.740022,-73.9946556,84978.0,3965.46255506608,3.88048455506608
Burlington,"707 6th Avenue, New York",40.7426666,-73.99325569999999,84978.0,3965.46255506608,3.88048455506608
Burlington,"4 Union Square East, New York",40.734867,-73.991455,84978.0,3965.46255506608,3.88048455506608
MUJI Chelsea,"16 West 19th Street, New York",40.73946179999999,-73.9925543,84978.0,3965.46255506608,3.88048455506608
Lot-Less,"80 Clinton Street #2, New York",40.71864589999999,-73.9851937,49685.0,7192.819383259912,7.143134383259912
SNOW XUE GAO New York Flagship Store,"208 Bowery, New York",40.721671,-73.9940015,49685.0,7192.819383259912,7.143134383259912
Shoppers World,"60 Graham Avenue, Brooklyn",40.702932,-73.94223699999999,68618.0,2204.394812680115,2.135776812680115
Telco Stores,"305 Broadway, Brooklyn",40.708437,-73.9574915,101442.0,2493.9913544668584,2.3925493544668583
Pearl River Mart at Chelsea Market,"75 9th Avenue, New York",40.7428287,-74.00635249999999,84978.0,3965.46255506608,3.88048455506608
Target,"400 Grand Street, New York",40.7164903,-73.9867718,49685.0,7192.819383259912,7.143134383259912
Marshalls,"197 East Houston Street, New York",40.7223519,-73.9875872,49685.0,7192.819383259912,7.143134383259912
Target,"600 Broadway, New York",40.7250231,-73.9965204,84978.0,3965.46255506608,3.88048455506608
Target,"500 East 14th Street, New York",40.7302061,-73.9803563,101442.0,2493.9913544668584,2.3925493544668583
Apple Department store,"247 Bedford Avenue, Brooklyn",40.7155855,-73.9597695,101442.0,2493.9913544668584,2.3925493544668583
Lot Stop Department,"245 1st Avenue, New York",40.7317754,-73.9826815,49685.0,7192.819383259912,7.143134383259912
MUJI Williamsburg,"200 Wythe Avenue, Brooklyn",40.7186174,-73.96165239999999,101442.0,2493.9913544668584,2.3925493544668583
Nordstrom Store,"60 East 14th Street, New York",40.7343917,-73.9903092,84978.0,3965.46255506608,3.88048455506608
Target,"10 Union Square East, New York",40.7345854,-73.989688,84978.0,3965.46255506608,3.88048455506608
Fat Albert,"774 Broadway, Brooklyn",40.7000122,-73.9411011,68618.0,2204.394812680115,2.135776812680115
DII Deals & Discounts,"775 Manhattan Avenue, Brooklyn",40.7272194,-73.9529306,101442.0,2493.9913544668584,2.3925493544668583
Target,"512 2nd Avenue, New York",40.74141579999999,-73.9780066,117596.0,6288.325991189427,6.170729991189428
Telco Stores,"58-09 Myrtle Avenue, Ridgewood",40.7007,-73.900932,69726.0,1556.4857405703772,1.4867597405703772
Shoppers World,"422 Knickerbocker Avenue, Brooklyn",40.6994705,-73.9198608,70582.0,1622.9682997118157,1.552386299711816
Lot-Less,"66-73 Fresh Pond Road, Ridgewood",40.7067179,-73.89687409999999,69726.0,1556.4857405703772,1.4867597405703772
ABC Super Stores,"300 Wyckoff Avenue, Brooklyn",40.6993481,-73.9110407,70582.0,1622.9682997118157,1.552386299711816
Liberty Department Stores,"54-30 Myrtle Avenue, Ridgewood",40.6996363,-73.9095883,70582.0,1622.9682997118157,1.552386299711816
Extreme Department Store,"54-08 Myrtle Avenue, Ridgewood",40.6994188,-73.9102707,70582.0,1622.9682997118157,1.552386299711816
Sam's Closeout,"6005 Myrtle Avenue, Ridgewood",40.7007163,-73.89807789999999,69726.0,1556.4857405703772,1.4867597405703772
Telco Stores,"6080 Myrtle Avenue, Flushing",40.7006247,-73.8954208,69726.0,1556.4857405703772,1.4867597405703772
DII Deals & Discounts,"6642 Fresh Pond Road, Ridgewood",40.7075702,-73.8977933,69726.0,1556.4857405703772,1.4867597405703772
Macy's,"9001 Queens Boulevard, Elmhurst",40.7343519,-73.87158769999999,63453.0,1587.8380864765409,1.524385086476541
Costco Wholesale,"6135 Junction Boulevard, Rego Park",40.73297249999999,-73.86275700000002,88917.0,1041.9227230910765,0.9530057230910766
Target,"8801 Queens Boulevard, Elmhurst",40.7357181,-73.8744498,63453.0,1587.8380864765409,1.524385086476541
JCPenney,"92-59 59th Avenue, Elmhurst",40.73495399999999,-73.867778,63453.0,1587.8380864765409,1.524385086476541
Macy's Furniture Gallery,"88-01 Queens Boulevard, Elmhurst",40.735559,-73.8749122,63453.0,1587.8380864765409,1.524385086476541
T.J. Maxx,"6101 Junction Boulevard, Rego Park",40.7327795,-73.8633653,88917.0,1041.9227230910765,0.9530057230910766
Marshalls,"96-05 Queens Boulevard, Rego Park",40.73061599999999,-73.86225449999999,88917.0,1041.9227230910765,0.9530057230910766
Burlington,"9605 Queens Boulevard, Rego Park",40.731424,-73.8618461,88917.0,1041.9227230910765,0.9530057230910766
Lot-Less,"9632 Queens Boulevard, Rego Park",40.72941919999999,-73.86145119999999,88917.0,1041.9227230910765,0.9530057230910766
T.J. Maxx,"80 - 16 Cooper Avenue, Glendale",40.7093237,-73.86943769999999,69726.0,1556.4857405703772,1.4867597405703772
HomeGoods,"71-19 80th Street, Glendale",40.7077453,-73.8685419,69726.0,1556.4857405703772,1.4867597405703772
Sunglass Hut at Macy's,"90-01 Queens Boulevard, Elmhurst",40.7344037,-73.8713054,63453.0,1587.8380864765409,1.524385086476541
Primark,"90-15 Queens Boulevard, Queens",40.73422739999999,-73.8708643,63453.0,1587.8380864765409,1.524385086476541
Marshalls,"168-23 Jamaica Avenue, Jamaica",40.70695,-73.79155519999999,74493.0,1390.128794848206,1.3156357948482065
Target,"7000 Austin Street, Forest Hills",40.7208767,-73.8473538,88917.0,1041.9227230910765,0.9530057230910766
JEMBRO,"107-25 71st Avenue, Flushing",40.7209777,-73.8447036,88917.0,1041.9227230910765,0.9530057230910766
Aden Department Store,"90-63 Sutphin Boulevard, Jamaica",40.701273,-73.8076158,74493.0,1390.128794848206,1.3156357948482065
JAMAICA CRAZY HOT DEALS,"14908 Jamaica Avenue, Jamaica",40.7017938,-73.8052606,74493.0,1390.128794848206,1.3156357948482065
BRS 99C & UP VARIETY STORE INC,"160-15 Hillside Avenue, Jamaica",40.7082895,-73.8013576,74493.0,1390.128794848206,1.3156357948482065
Bottomline 57 Inc,"96-03 57th Avenue, Corona",40.737157,-73.864829,63453.0,1587.8380864765409,1.524385086476541
Burlington,"160-12 Jamaica Avenue, Jamaica",40.7037544,-73.79849999999999,74493.0,1390.128794848206,1.3156357948482065
Target,"160-08 Jamaica Avenue, Jamaica",40.70364259999999,-73.79847409999999,74493.0,1390.128794848206,1.3156357948482065
Primark,"162-10 Jamaica Avenue, Queens",40.7040841,-73.7971494,74493.0,1390.128794848206,1.3156357948482065
Telco Stores,"168-43 Jamaica Avenue, Jamaica",40.70708459999999,-73.7915089,74493.0,1390.128794848206,1.3156357948482065
Super V,"163-30 Jamaica Avenue, Jamaica",40.70491150000001,-73.7958807,74493.0,1390.128794848206,1.3156357948482065
Kohl's,"6111 188th Street, Fresh Meadows",40.74023179999999,-73.7856827,74493.0,1390.128794848206,1.3156357948482065
T.J. Maxx,"176-60 Union Turnpike, Fresh Meadows",40.72591329999999,-73.7902184,74493.0,1390.128794848206,1.3156357948482065
Deal Ninety Nine,11042 Merrick Boulevard,40.694756,-73.78213199999999,68682.0,2078.371665133395,2.009689665133395
Marshalls,"600 Hempstead Turnpike, Elmont",40.709402,-73.701086,97288.0,1734.9862005519778,1.6376982005519778
Target,"1730 Hempstead Turnpike, Elmont",40.7088687,-73.7039273,97288.0,1734.9862005519778,1.6376982005519778
T.J. Maxx,"1445 Hempstead Turnpike U-A, Elmont",40.7066501,-73.6940811,97288.0,1734.9862005519778,1.6376982005519778
HomeGoods,"661 Hillside Avenue, New Hyde Park",40.7421185,-73.69849239999999,97288.0,1734.9862005519778,1.6376982005519778
Burlington,"650 Stewart Avenue, Garden City",40.730884,-73.608739,97288.0,1734.9862005519778,1.6376982005519778
T.J. Maxx,"300 Peninsula Boulevard, Hempstead",40.7053409,-73.62475719999999,97288.0,1734.9862005519778,1.6376982005519778
Target,"999 Corporate Drive, Westbury",40.741667,-73.60081819999999,97288.0,1734.9862005519778,1.6376982005519778
Walmart,"1220 Old Country Road, Westbury",40.7436213,-73.6007924,97288.0,1734.9862005519778,1.6376982005519778
Macy's,"630 Old Country Road Unit A3 Unit A3, Garden City",40.7362328,-73.6128458,97288.0,1734.9862005519778,1.6376982005519778
Costco Wholesale,"1250 Old Country Road, Westbury",40.7439608,-73.597506,97288.0,1734.9862005519778,1.6376982005519778
Walmart,"1123 Jerusalem Avenue, Uniondale",40.6958182,-73.5783683,97288.0,1734.9862005519778,1.6376982005519778
JCPenney,"630 Old Country Road Unit A2, Garden City",40.73949959999999,-73.6140856,97288.0,1734.9862005519778,1.6376982005519778
Bloomingdale's,"630 Old Country Road #27, Garden City",40.7384797,-73.6117002,97288.0,1734.9862005519778,1.6376982005519778
Marshalls,"1240 Old Country Road, Carle Place",40.7435646,-73.59925780000002,97288.0,1734.9862005519778,1.6376982005519778
Nordstrom,"630 Old Country Road, Garden City",40.7370859,-73.61099879999999,97288.0,1734.9862005519778,1.6376982005519778
Marshalls,"1989 Front Street, East Meadow",40.72219469999999,-73.5627588,97288.0,1734.9862005519778,1.6376982005519778
Nordstrom Rack,"1040 Old Country Road, Garden City",40.7424906,-73.6061404,97288.0,1734.9862005519778,1.6376982005519778
Navy Exchange Main,"Mitchell Field #16, Garden City",40.7293325,-73.6013971,97288.0,1734.9862005519778,1.6376982005519778
HomeGoods,"1030 Old Country Road, Westbury",40.74248,-73.606206,97288.0,1734.9862005519778,1.6376982005519778
Anastasia Beverly Hills Brow Studio at Nordstrom,"630 Old Country Road, Garden City",40.736956,-73.6109409,97288.0,1734.9862005519778,1.6376982005519778
Macy's Furniture Clearance Center,"155 Glen Cove Road, Carle Place",40.73666299999999,-73.61296399999999,97288.0,1734.9862005519778,1.6376982005519778
Piombo,"Piombo Roosevelt Field, 630 Old Country Road, Garden City",40.7379804,-73.6129024,97288.0,1734.9862005519778,1.6376982005519778
Primark,"630 Old Country Road, Garden City",40.7398946,-73.6135883,97288.0,1734.9862005519778,1.6376982005519778
Marshalls,"8-12 Franklin Street, Bloomfield",40.78231600000001,-74.184322,72727.0,1900.704347826087,1.827977347826087
Marshalls,"175 Passaic Avenue, Kearny",40.760792,-74.161294,72727.0,1900.704347826087,1.827977347826087
Forman Mills,"585 Doctor Martin Luther King Junior Boulevard, East Orange",40.7669972,-74.2209191,72727.0,1900.704347826087,1.827977347826087
Capricorn Enterprises Inc,"580 Central Avenue, East Orange",40.7613224,-74.2237159,72727.0,1900.704347826087,1.827977347826087
Target,"200 Passaic Avenue, Kearny",40.76012329999999,-74.158718,72727.0,1900.704347826087,1.827977347826087
Value Zone Department Store,"575 Bloomfield Avenue, Bloomfield",40.79322499999999,-74.1972828,72727.0,1900.704347826087,1.827977347826087
Walmart Supercenter,"150 Harrison Avenue, Kearny",40.7475887,-74.1375757,72727.0,1900.704347826087,1.827977347826087
DII Deals & Discounts,"361 Central Avenue, Jersey City",40.747591,-74.04851250000002,84978.0,3965.46255506608,3.88048455506608
Walmart Supercenter,"400 Park Place, Secaucus",40.79298029999999,-74.0423136,113828.0,9210.748898678414,9.096920898678414
Shoppers World,"3127 John F. Kennedy Boulevard, North Bergen",40.77550859999999,-74.0364015,84978.0,3965.46255506608,3.88048455506608
Kohl's,"3 Mill Creek Drive, Secaucus",40.7917366,-74.0520629,84978.0,3965.46255506608,3.88048455506608
Marshalls & HomeGoods,"400 Mill Creek Drive, Secaucus",40.7923413,-74.04856529999999,113828.0,9210.748898678414,9.096920898678414
T.J. Maxx,"21 Mill Creek Drive, Secaucus",40.793153,-74.0514962,113828.0,9210.748898678414,9.096920898678414
Reiss Discount Center,"4811 Bergenline Avenue, Union City",40.7818279,-74.0218493,113828.0,9210.748898678414,9.096920898678414
MANNY'S OUTLET CO.,"325 48th Street, Union City",40.7811584,-74.02098219999999,113828.0,9210.748898678414,9.096920898678414
Telco Stores,"4912 Bergenline Avenue, West New York",40.7826053,-74.02078530000001,113828.0,9210.748898678414,9.096920898678414
Target,"258 8th Avenue, New York",40.74551199999999,-73.997897,84978.0,3965.46255506608,3.88048455506608
Target,"615 10th Avenue, New York",40.7613879,-73.994646,117596.0,6288.325991189427,6.170729991189428
Burlington,"31 Mill Creek Drive, Secaucus",40.793661,-74.0514931,113828.0,9210.748898678414,9.096920898678414
Macy's,"151 West 34th Street, New York",40.75083099999999,-73.9890961,117596.0,6288.325991189427,6.170729991189428
T.J. Maxx,"250 West 57th Street, New York",40.7665182,-73.9827963,117596.0,6288.325991189427,6.170729991189428
Bloomingdale's,"59th Street and, 1000 Third Avenue, Lexington Avenue, New York",40.762268,-73.967247,130527.0,9688.105726872249,9.557578726872247
T.J. Maxx,"407 East 59th Street, New York",40.7595404,-73.961351,130527.0,9688.105726872249,9.557578726872247
Saks Fifth Avenue Corporation Office,"117 West 57th Street, New York",40.7649042,-73.9779409,117596.0,6288.325991189427,6.170729991189428
Isetan Co Ltd,"1411 Broadway # 2550, New York",40.7542068,-73.9875569,117596.0,6288.325991189427,6.170729991189428
ZITOMER,"969 Madison Avenue, New York",40.77412899999999,-73.9635571,130527.0,9688.105726872249,9.557578726872247
Sunglass Hut at Macy's,"160 West 35th Street, New York",40.7508414,-73.9892346,117596.0,6288.325991189427,6.170729991189428
Nordstrom Rack,"865 6th Avenue, New York",40.7478391,-73.98951869999999,117596.0,6288.325991189427,6.170729991189428
Target,"112 West 34th Street, New York",40.7501207,-73.9889452,117596.0,6288.325991189427,6.170729991189428
Lot-Less,"206 West 40th Street, New York",40.7548644,-73.9887236,117596.0,6288.325991189427,6.170729991189428
MUJI Fifth Avenue,"475 5th Avenue, New York",40.7524878,-73.9813489,117596.0,6288.325991189427,6.170729991189428
Saks Fifth Avenue Windows,"611 5th Ave, New York, NY 10022, New York",40.7581047,-73.9769487,117596.0,6288.325991189427,6.170729991189428
Marshalls,"2182 Broadway, New York",40.7828654,-73.9803113,113828.0,9210.748898678414,9.096920898678414
Saks Fifth Avenue,"611 5th Avenue, New York",40.758138,-73.97725609999999,117596.0,6288.325991189427,6.170729991189428
Body & Soul Cosmetics,"712 5th Avenue, New York",40.76228219999999,-73.9750365,117596.0,6288.325991189427,6.170729991189428
West Central Park,"234 West 39th Street STE 900, New York",40.7545359,-73.9898699,117596.0,6288.325991189427,6.170729991189428
Lot Stop Department,"450 7th Avenue, New York",40.75136090000001,-73.9905976,117596.0,6288.325991189427,6.170729991189428
Woops! Macarons & Gifts (Macy's Holiday Square),"151 West 34th Street, New York",40.7508631,-73.98906339999999,117596.0,6288.325991189427,6.170729991189428
R.H.Macy & Co,"131 West 35th Street, New York",40.7512559,-73.9886245,117596.0,6288.325991189427,6.170729991189428
Target,"237 West 42nd Street, New York",40.7568781,-73.9884067,117596.0,6288.325991189427,6.170729991189428
Mad Under,"7 East 44th Street, New York",40.75452919999999,-73.97902169999999,117596.0,6288.325991189427,6.170729991189428
Nordstrom Men's Store,"235 West 57th Street, New York",40.7666966,-73.98210259999999,117596.0,6288.325991189427,6.170729991189428
Nordstrom,"225 West 57th Street, New York",40.766245,-73.981246,117596.0,6288.325991189427,6.170729991189428
Torque,"800 3rd Avenue Suite A #1007, New York",40.7556476,-73.9713866,117596.0,6288.325991189427,6.170729991189428
Marshalls,"48-18 Northern Boulevard, Long Island City",40.7529144,-73.91444589999999,80708.0,1041.398344066237,0.9606903440662372
DII Deals & Discounts,"3611 Broadway, Long Island City",40.759964,-73.9208069,73539.0,1758.095676172953,1.6845566761729531
Costco Wholesale,"3250 Vernon Boulevard, Long Island City",40.7675325,-73.9391115,73539.0,1758.095676172953,1.6845566761729531
D II Store,"36 1 Broadway, Astoria",40.76012259999999,-73.9208517,73539.0,1758.095676172953,1.6845566761729531
American Outlet Center,"1950 3rd Avenue #107, New York",40.7923936,-73.94431550000002,41341.0,5308.854625550661,5.26751362555066
Target,"25-01 Jackson Avenue, Long Island City",40.7472594,-73.9443527,80708.0,1041.398344066237,0.9606903440662372
TESO LIFE,"24-29 Jackson Avenue, Long Island City",40.7466484,-73.94455599999999,80708.0,1041.398344066237,0.9606903440662372
R P Veneamerica,"30-15 39th Avenue, Long Island City",40.7529445,-73.9330544,73539.0,1758.095676172953,1.6845566761729531
Saks OFF 5TH,"125 East 57th Street, New York",40.7613523,-73.9696701,117596.0,6288.325991189427,6.170729991189428
Shinsegae Inc NY Office,"750 Lexington Avenue Fl 9, New York",40.7626903,-73.9682642,130527.0,9688.105726872249,9.557578726872247
MUJI 59th Street,"127 East 59th Street, New York",40.7626915,-73.9686566,130527.0,9688.105726872249,9.557578726872247
Target,"1201 3rd Avenue, New York",40.768116,-73.96144919999999,130527.0,9688.105726872249,9.557578726872247
Local 3 United Store Workers,"31-21 31st Street 4th floor, Astoria",40.7637169,-73.9235592,73539.0,1758.095676172953,1.6845566761729531
Burlington,"34-54 48th Street, Long Island City",40.75240779999999,-73.9172324,80708.0,1041.398344066237,0.9606903440662372
Lot-Less,"4002 Broadway, Astoria",40.75864370000001,-73.91898379999999,73539.0,1758.095676172953,1.6845566761729531
Target,"150 East 86th Street, New York",40.7791136,-73.9550867,130527.0,9688.105726872249,9.557578726872247
Target,"1863 Broadway, New York",40.7702294,-73.9824884,113828.0,9210.748898678414,9.096920898678414
DII Deals & Discounts,"83-09 Roosevelt Avenue, Jackson Heights",40.747939,-73.8824717,65860.0,1578.4360625574975,1.5125760625574975
Target,"40-25 82nd Street, Elmhurst",40.746944,-73.8836645,65860.0,1578.4360625574975,1.5125760625574975
Lot-Less,"91-29 Roosevelt Avenue Inc, Jackson Heights",40.7485545,-73.87526079999999,63453.0,1587.8380864765409,1.524385086476541
Sama Department Store,"9108 Roosevelt Avenue, Jackson Heights",40.74845619999999,-73.8748963,63453.0,1587.8380864765409,1.524385086476541
T.J. Maxx,"22-06 31st Street, Astoria",40.7760594,-73.91124099999999,73539.0,1758.095676172953,1.6845566761729531
Macy's,"13650 Roosevelt Avenue, Flushing",40.759792,-73.828272,60896.0,2275.5657773689054,2.214669777368905
Target,"4024 College Point Boulevard Ste F600, Flushing",40.7573044,-73.835146,60896.0,2275.5657773689054,2.214669777368905
Target,"13505 20th Avenue, College Point",40.7837661,-73.83332639999999,60896.0,2275.5657773689054,2.214669777368905
T.J. Maxx,"136-03 20th Avenue, College Point",40.7836412,-73.831533,60896.0,2275.5657773689054,2.214669777368905
Sunglass Hut at Macy's,"136-50 Roosevelt Avenue, Flushing",40.75984589999999,-73.8279896,60896.0,2275.5657773689054,2.214669777368905
Cartier Watches | COSMOS - 뉴욕 퀸즈 플러싱 명품 백화점,"150-24 Northern Boulevard G1, Queens",40.7649098,-73.81443209999999,60896.0,2275.5657773689054,2.214669777368905
Marshalls,"40-24 College Point Boulevard, Flushing",40.7567066,-73.8353581,60896.0,2275.5657773689054,2.214669777368905
Jembro Stores,"136-35 Roosevelt Avenue, Flushing",40.7600342,-73.82892160000002,60896.0,2275.5657773689054,2.214669777368905
Home & Home,"31-85 Whitestone Expressway, Flushing",40.7669106,-73.83719700000002,60896.0,2275.5657773689054,2.214669777368905
Burlington,"40-24 College Point Boulevard D426, Flushing",40.75744720000001,-73.8355656,60896.0,2275.5657773689054,2.214669777368905
Royal Home Goods,"3651 College Point Boulevard, Flushing",40.76045319999999,-73.8346731,60896.0,2275.5657773689054,2.214669777368905
HomeGoods,"134-01 20th Avenue, College Point",40.7824044,-73.8348146,60896.0,2275.5657773689054,2.214669777368905
HomeGoods,"23-80 Bell Boulevard, Bay Terrace",40.7805579,-73.7766212,86731.0,1071.1223551057958,0.9843913551057958
Burlington,"258-01 Union Turnpike, Glen Oaks",40.7464337,-73.7137328,97288.0,1734.9862005519778,1.6376982005519778
Target,"1400 Union Turnpike, New Hyde Park",40.7531922,-73.69556639999999,97288.0,1734.9862005519778,1.6376982005519778
Macy's,"1100 Northern Boulevard, Manhasset",40.78846819999999,-73.702364,86731.0,1071.1223551057958,0.9843913551057958
T.J. Maxx,"2315 New Hyde Park Road, New Hyde Park",40.75674679999999,-73.68946059999999,97288.0,1734.9862005519778,1.6376982005519778
Marshalls,"1380 Northern Boulevard, Manhasset",40.7928998,-73.695302,86731.0,1071.1223551057958,0.9843913551057958
Nordstrom Rack,"1400 Northern Boulevard, Manhasset",40.7927364,-73.6948082,86731.0,1071.1223551057958,0.9843913551057958
Sunglass Hut at Macy's,"1100 Northern Boulevard, Manhasset",40.7884969,-73.70218349999999,86731.0,1071.1223551057958,0.9843913551057958
Macy's Furniture Gallery,"155 Glen Cove Road, Carle Place",40.7453204,-73.6164441,97288.0,1734.9862005519778,1.6376982005519778
T.J. Maxx,"217 Glen Cove Road, Carle Place",40.7475577,-73.6155787,97288.0,1734.9862005519778,1.6376982005519778
Homesense,"177 Old Country Road, Carle Place",40.7445854,-73.6144877,97288.0,1734.9862005519778,1.6376982005519778
Kohl's,"28 Jericho Turnpike, Jericho",40.778286,-73.5664955,97288.0,1734.9862005519778,1.6376982005519778
Burlington,"495 Prospect Avenue, West Orange",40.7939039,-74.2547005,72727.0,1900.704347826087,1.827977347826087
Costco Wholesale,"20 Bridewell Place, Clifton",40.8314891,-74.1367906,84978.0,3965.46255506608,3.88048455506608
Kohl's,"14 Main Avenue, Clifton",40.8295488,-74.1429974,84978.0,3965.46255506608,3.88048455506608
Target,"30 Kingsland Road, Clifton",40.8245909,-74.1351901,84978.0,3965.46255506608,3.88048455506608
T.J. Maxx,"423 Valley Brook Avenue, Lyndhurst",40.8127176,-74.122596,84978.0,3965.46255506608,3.88048455506608
HomeGoods,"558 New York Avenue, Lyndhurst",40.812816,-74.120768,84978.0,3965.46255506608,3.88048455506608
Burlington,"415 New Jersey 3, Clifton",40.8300825,-74.140787,84978.0,3965.46255506608,3.88048455506608
Marshalls,"65 New Jersey 17, East Rutherford",40.83115599999999,-74.0933733,113828.0,9210.748898678414,9.096920898678414
The ADdress,"1 American Dream Way, East Rutherford",40.8094502,-74.06692679999999,113828.0,9210.748898678414,9.096920898678414
Primark,"1 American Dream Way D350, East Rutherford",40.8097258,-74.06657710000002,113828.0,9210.748898678414,9.096920898678414
Saks Fifth Avenue,"1 American Dream Way Suite F140, East Rutherford",40.8112052,-74.0647947,113828.0,9210.748898678414,9.096920898678414
Burlington,"8101 Tonnelle Avenue, North Bergen",40.8088956,-74.0189244,113828.0,9210.748898678414,9.096920898678414
Walmart Supercenter,"2100 88th Street, North Bergen",40.8140446,-74.0134869,113828.0,9210.748898678414,9.096920898678414
Target,"7101 Tonnelle Avenue, North Bergen",40.8015426,-74.0221469,113828.0,9210.748898678414,9.096920898678414
Universal 99¢ & Plus,"6403 Bergenline Avenue, West New York",40.792668,-74.013814,113828.0,9210.748898678414,9.096920898678414
Khalpera,"65 Railroad Avenue Unit 5-A, Ridgefield",40.8282322,-74.0134869,113828.0,9210.748898678414,9.096920898678414
Target,"543 River Road, Edgewater",40.8140101,-73.9817174,53592.0,4854.31718061674,4.80072518061674
T.J. Maxx,"808 Columbus Avenue, New York",40.79489239999999,-73.9663853,113828.0,9210.748898678414,9.096920898678414
Marshalls,"497 River Road, Edgewater",40.8113044,-73.98204179999999,113828.0,9210.748898678414,9.096920898678414
HomeGoods,"795 Columbus Avenue, New York",40.79464979999999,-73.9659842,113828.0,9210.748898678414,9.096920898678414
T.J. Maxx,"477 River Road, Edgewater",40.811843,-73.984927,113828.0,9210.748898678414,9.096920898678414
Marshalls,"125 West 125th Street, New York",40.8081263,-73.94585649999999,45230.0,5097.929515418502,5.052699515418502
HomeGoods,"489 River Road, Edgewater",40.8111723,-73.9829111,113828.0,9210.748898678414,9.096920898678414
El Mundo,"3300 Broadway, New York",40.8190738,-73.9555007,53592.0,4854.31718061674,4.80072518061674
Burlington,"100-198 Doctor Martin Luther King Junior Boulevard, New York",40.80773250000001,-73.94617339999999,45230.0,5097.929515418502,5.052699515418502
T.J. Maxx,"5 West 125th Street, New York",40.8069657,-73.94280979999999,45230.0,5097.929515418502,5.052699515418502
Burlington,"547 River Road, Edgewater",40.8142926,-73.982576,53592.0,4854.31718061674,4.80072518061674
Burlington,"808 Columbus Avenue, New York",40.7949946,-73.9662889,113828.0,9210.748898678414,9.096920898678414
Target,"795 Columbus Avenue, New York",40.7941168,-73.96637050000001,113828.0,9210.748898678414,9.096920898678414
Target,"123 West 125th Street, New York",40.8085527,-73.9469074,45230.0,5097.929515418502,5.052699515418502
ABU DEPARTMENT STORE,United States,40.8067509,-73.943452,45230.0,5097.929515418502,5.052699515418502
Target,"700 Exterior Street, The Bronx",40.823963,-73.9302874,41636.0,3470.165876777251,3.428529876777251
Burlington,"517 East 117th Street, New York",40.795386,-73.9310222,41341.0,5308.854625550661,5.26751362555066
Marshalls,"517 East 117th Street, New York",40.7955804,-73.9314109,41341.0,5308.854625550661,5.26751362555066
Costco Wholesale,"517 East 117th Street, New York",40.795386,-73.9310222,41341.0,5308.854625550661,5.26751362555066
Burlington,"700 Exterior Street Suite 302A, The Bronx",40.8239106,-73.92992,41636.0,3470.165876777251,3.428529876777251
Marshalls,"610 Exterior Street, The Bronx",40.8218624,-73.930208,19205.0,2168.175355450237,2.148970355450237
J Department Store,"2254 3rd Avenue, New York",40.80216060000001,-73.9371802,41341.0,5308.854625550661,5.26751362555066
Cookie's Department Stores,"567 Melrose Avenue, The Bronx",40.816638,-73.9177948,19205.0,2168.175355450237,2.148970355450237
Forman Mills,"3036 Third Avenue, The Bronx",40.81979800000001,-73.9128709,14750.0,1890.0947867298576,1.8753447867298576
American Outlet Inc,"2151 3rd Avenue, New York",40.7989085,-73.93903390000001,41341.0,5308.854625550661,5.26751362555066
See & See Department Store,"2929 Third Avenue, The Bronx",40.8176278,-73.915836,19205.0,2168.175355450237,2.148970355450237
American Outlet,"2929 Third Avenue, The Bronx",40.8176288,-73.91583589999999,19205.0,2168.175355450237,2.148970355450237
Burlington,"2952 Third Avenue, The Bronx",40.81785199999999,-73.91472619999999,19205.0,2168.175355450237,2.148970355450237
Marshalls,"2952 Third Avenue, The Bronx",40.8179276,-73.9147179,19205.0,2168.175355450237,2.148970355450237
Extreme Department Store,"204 East 161st Street, The Bronx",40.8248888,-73.9212151,41636.0,3470.165876777251,3.428529876777251
Value King,"1180 Webster Avenue, The Bronx",40.8312773,-73.90998019999999,14750.0,1890.0947867298576,1.8753447867298576
T.J. Maxx,"961 East 174th Street, The Bronx",40.8366649,-73.8852478,15398.0,1973.1753554502368,1.957777355450237
Marshalls,"845 White Plains Road, The Bronx",40.82307309999999,-73.8590291,39322.0,4082.890995260663,4.043568995260663
Cee & Cee Store,"831 Soundview Avenue #3, The Bronx",40.82213589999999,-73.86761469999999,10966.0,1238.056872037915,1.2270908720379148
ABC Super Stores,"985 Southern Boulevard, The Bronx",40.8222554,-73.8921194,14750.0,1890.0947867298576,1.8753447867298576
EXTEREM DEPARMT STORE,"1457 Westchester Avenue, The Bronx",40.8286329,-73.88173789999999,15398.0,1973.1753554502368,1.957777355450237
Burlington,"1925 Turnbull Avenue, The Bronx",40.8236327,-73.8562919,39322.0,4082.890995260663,4.043568995260663
King's Department Store,"870 East Tremont Avenue, The Bronx",40.8428288,-73.88612739999999,15398.0,1973.1753554502368,1.957777355450237
Macy's,"1441 Metropolitan Avenue Fl 2, The Bronx",40.8364825,-73.8612062,39322.0,4082.890995260663,4.043568995260663
T.J. Maxx,"815 Hutchinson River Parkway, The Bronx",40.8227437,-73.83705929999999,39322.0,4082.890995260663,4.043568995260663
Target,"815 Hutchinson River Parkway, The Bronx",40.8242614,-73.8374718,39322.0,4082.890995260663,4.043568995260663
Marshalls,"1450 East Avenue, The Bronx",40.8363586,-73.8600828,39322.0,4082.890995260663,4.043568995260663
Sunglass Hut at Macy's,"1441 Metropolitan Avenue, The Bronx",40.83625749999999,-73.8614968,39322.0,4082.890995260663,4.043568995260663
People's Department Store,"1921 Westchester Avenue, The Bronx",40.83359,-73.85986799999999,39322.0,4082.890995260663,4.043568995260663
Dollar Heaven Disc Store Inc,"1657 Metropolitan Avenue, The Bronx",40.8406955,-73.8557823,39322.0,4082.890995260663,4.043568995260663
Navy Exchange Fleet,"300 Steamboat Road Delano Hall, Kings Point",40.8109094,-73.76252339999999,57007.0,2852.890995260663,2.795883995260663
Target,"101 Shore Road, Port Washington",40.8412312,-73.70480189999999,86731.0,1071.1223551057958,0.9843913551057958
HomeGoods,"75 Old Shore Road, Port Washington",40.838677,-73.70182799999999,86731.0,1071.1223551057958,0.9843913551057958
T.J. Maxx,"2 Soundview Market Place, Port Washington",40.8423513,-73.7064699,86731.0,1071.1223551057958,0.9843913551057958
T.J. Maxx,"90 Northern Boulevard, Greenvale",40.8084985,-73.6291301,97288.0,1734.9862005519778,1.6376982005519778
Kohl's,"1710 U.S. 46, Woodland Park",40.8857556,-74.21249259999999,113828.0,9210.748898678414,9.096920898678414
Siraj Islamic Lifestyle Store,"421 Broad Street Unit C, Clifton",40.8813432,-74.167794,113828.0,9210.748898678414,9.096920898678414
Walmart Supercenter,"174 Passaic Street, Garfield",40.8666623,-74.1010551,113828.0,9210.748898678414,9.096920898678414
DII Deals & Discounts,"56-58 Lexington Avenue, Passaic",40.8640861,-74.1269531,113828.0,9210.748898678414,9.096920898678414
Burlington,"174 Passaic Street #252, Garfield",40.8681061,-74.0984806,113828.0,9210.748898678414,9.096920898678414
Marshalls,"174 Passaic Street, Garfield",40.868638,-74.098607,113828.0,9210.748898678414,9.096920898678414
Telco Store,"8-10 Lexington Avenue, Passaic",40.86255209999999,-74.12692679999999,113828.0,9210.748898678414,9.096920898678414
Angelo Department Store,"636 Main Avenue, Passaic",40.86051,-74.1250429,113828.0,9210.748898678414,9.096920898678414
Value Zone,"90 Dayton Avenue, Passaic",40.8725318,-74.1199334,113828.0,9210.748898678414,9.096920898678414
Bueno Bonito Barato,"90 Dayton Avenue, Passaic",40.8735162,-74.1202205,113828.0,9210.748898678414,9.096920898678414
Burlington,"24 Barbour Avenue Space 300B, Passaic",40.87534309999999,-74.120598,113828.0,9210.748898678414,9.096920898678414
Forman Mills,"2434 Barbour Avenue, Passaic",40.8757345,-74.1202121,113828.0,9210.748898678414,9.096920898678414
Costco Wholesale,"2 Teterboro Landing Drive, Teterboro",40.8607928,-74.0644863,113828.0,9210.748898678414,9.096920898678414
Walmart,"189 U.S. 46, Saddle Brook",40.8917599,-74.0935598,53592.0,4854.31718061674,4.80072518061674
T.J. Maxx,"189 U.S. 46, Saddle Brook",40.8910877,-74.0953261,53592.0,4854.31718061674,4.80072518061674
Walmart Supercenter,"1 Teterboro Landing Drive, Teterboro",40.8624557,-74.062508,113828.0,9210.748898678414,9.096920898678414
ShopRazzi,"51 James Street, South Hackensack",40.8713019,-74.0546969,53592.0,4854.31718061674,4.80072518061674
Costco Business Center,"80 South River Street, Hackensack",40.87624219999999,-74.0379212,53592.0,4854.31718061674,4.80072518061674
Rocklin’s,"458 Cedar Lane, Teaneck",40.8890175,-74.0221933,54717.0,8370.925110132159,8.316208110132159
Cosmos,"1642 Schlosser Street FL#1, Fort Lee",40.8505477,-73.9697875,54717.0,8370.925110132159,8.316208110132159
Target,"40 West 225th Street #50, The Bronx",40.8733943,-73.90778929999999,34894.0,3037.914691943128,3.0030206919431284
Marshalls,"50 West 225th Street, The Bronx",40.87323899999999,-73.90847000000001,34894.0,3037.914691943128,3.0030206919431284
Marshalls,"2501 Grand Concourse, The Bronx",40.8627052,-73.8973855,34894.0,3037.914691943128,3.0030206919431284
Marshalls,"4211 Broadway Ste W2.2, New York",40.8488388,-73.9382711,54717.0,8370.925110132159,8.316208110132159
DII Deals & Discounts,"4086 Broadway, New York",40.8444452,-73.9386639,54717.0,8370.925110132159,8.316208110132159
Lot-Less,"55-45 Broadway, The Bronx",40.8783184,-73.9056097,34894.0,3037.914691943128,3.0030206919431284
Itemacy,"56 East 184th Street #16, The Bronx",40.8600467,-73.9014905,34894.0,3037.914691943128,3.0030206919431284
T.J. Maxx,"171 West 230th Street, The Bronx",40.8771138,-73.90510689999999,34894.0,3037.914691943128,3.0030206919431284
New York Department Store,"571 West 182nd Street, New York",40.849805,-73.93279129999999,54717.0,8370.925110132159,8.316208110132159
Target,"602 West 181st Street, New York",40.8493569,-73.9342023,54717.0,8370.925110132159,8.316208110132159
King Department Store,"571 West 188th Street, New York",40.85362419999999,-73.9300737,54717.0,8370.925110132159,8.316208110132159
Mundo Dept. Store,"104 Sherman Avenue, New York",40.86403960000001,-73.9252138,34894.0,3037.914691943128,3.0030206919431284
Extreme Department Store,"88 Featherbed Lane, The Bronx",40.8459582,-73.9184867,41636.0,3470.165876777251,3.428529876777251
207 Loco Hot Deals,"565 West 207th Street, New York",40.86654,-73.9196778,34894.0,3037.914691943128,3.0030206919431284
DII,"4950 Broadway, New York",40.8676692,-73.92041309999999,34894.0,3037.914691943128,3.0030206919431284
2NICE Department,"1793 Jerome Avenue, The Bronx",40.8492328,-73.9115947,34894.0,3037.914691943128,3.0030206919431284
2nice Department Store,"1793 Jerome Avenue, The Bronx",40.8492328,-73.9115947,34894.0,3037.914691943128,3.0030206919431284
Sama Department Store,"2458 Grand Concourse, The Bronx",40.8610953,-73.89750029999999,34894.0,3037.914691943128,3.0030206919431284
Burlington,"2503 Grand Concourse, The Bronx",40.8627747,-73.89734829999999,34894.0,3037.914691943128,3.0030206919431284
Target,"215 East Fordham Road, The Bronx",40.8624868,-73.8961046,37648.0,3300.6161137440754,3.262968113744076
Cee & Cee Department Store,"331 East Fordham Road, The Bronx",40.86215899999999,-73.89322589999999,37648.0,3300.6161137440754,3.262968113744076
Sama Department Store,"3 East Kingsbridge Road, The Bronx",40.8675112,-73.8969973,37648.0,3300.6161137440754,3.262968113744076
Loco hot deals,"59 East Kingsbridge Road, The Bronx",40.866988,-73.8958407,37648.0,3300.6161137440754,3.262968113744076
Burlington,"2543-61 Webster Avenue, The Bronx",40.8623894,-73.8910131,37648.0,3300.6161137440754,3.262968113744076
T.J. Maxx,"1 Fordham Plaza, The Bronx",40.8605059,-73.8902992,37648.0,3300.6161137440754,3.262968113744076
Williamsbridge Department Store Corp.,"2430 Williamsbridge Road, The Bronx",40.8617553,-73.8573074,57394.0,2683.2227488151657,2.6258287488151657
Shopdecimals,"675 East 213th Street 1st floor, The Bronx",40.8795439,-73.86570460000002,61528.0,3610.0473933649287,3.548519393364929
JCPenney,"100 Baychester Avenue, The Bronx",40.8647649,-73.8263809,61528.0,3610.0473933649287,3.548519393364929
Marshalls,"352 Baychester Avenue, The Bronx",40.8684064,-73.829878,61528.0,3610.0473933649287,3.548519393364929
Macy's,"250 Baychester Avenue, The Bronx",40.8628634,-73.82805739999999,61528.0,3610.0473933649287,3.548519393364929
Sunglass Hut at Macy's,"250 Baychester Avenue, The Bronx",40.8628699,-73.82804879999999,61528.0,3610.0473933649287,3.548519393364929
Burlington,"350 Baychester Avenue, The Bronx",40.8685976,-73.82903329999999,61528.0,3610.0473933649287,3.548519393364929
Telco Stores,"3959 White Plains Road, The Bronx",40.88736599999999,-73.86095159999999,61528.0,3610.0473933649287,3.548519393364929
Sammys Department Super Store,United States,40.891677,-73.858093,61528.0,3610.0473933649287,3.548519393364929
HomeGoods,"861 Pelham Parkway, Pelham",40.890846,-73.8207991,61528.0,3610.0473933649287,3.548519393364929
Marshalls,"849 Pelham Parkway, Pelham Manor",40.8914791,-73.8207999,61528.0,3610.0473933649287,3.548519393364929
Marshalls,"465 U.S. 46, Totowa",40.895315,-74.2310991,113828.0,9210.748898678414,9.096920898678414
Marshalls,"301 Main Street, Paterson",40.91518,-74.1731707,113828.0,9210.748898678414,9.096920898678414
Ninety Nine Center Store,"424 Market Street, Paterson",40.913431,-74.1605889,113828.0,9210.748898678414,9.096920898678414
Macy's,"1100 Willowbrook Mall, Wayne",40.89031479999999,-74.2578829,84978.0,3965.46255506608,3.88048455506608
Macy's Furniture Gallery,"200 U.S. 46, Wayne",40.8924019,-74.25664069999999,84978.0,3965.46255506608,3.88048455506608
T.J. Maxx,"215 U.S. 46, Totowa",40.89466609999999,-74.2273266,113828.0,9210.748898678414,9.096920898678414
HomeGoods,"6 Willowbrook Boulevard, Wayne",40.89004000000001,-74.25101,84978.0,3965.46255506608,3.88048455506608
Burlington,"77 Willowbrook Boulevard, Wayne",40.8867775,-74.25231099999999,84978.0,3965.46255506608,3.88048455506608
Nordstrom Rack,"141 New Jersey 23, Wayne",40.8904947,-74.25410269999999,84978.0,3965.46255506608,3.88048455506608
Costco Wholesale,"149 New Jersey 23, Wayne",40.8900821,-74.25488920000001,84978.0,3965.46255506608,3.88048455506608
Union Super Store,"398 Union Avenue, Paterson",40.9206353,-74.18580949999999,113828.0,9210.748898678414,9.096920898678414
Macy's,"Willowbrook Mall, Wayne",40.8903151,-74.2579317,84978.0,3965.46255506608,3.88048455506608
Forman Mills,"670 Union Boulevard, Totowa",40.893899,-74.2242354,113828.0,9210.748898678414,9.096920898678414
Dollar Wonder,"292 Main Street, Paterson",40.915174,-74.173751,113828.0,9210.748898678414,9.096920898678414
Homesense,"465 U.S. 46, Totowa",40.8955548,-74.2328004,113828.0,9210.748898678414,9.096920898678414
Burlington,"301 Main Street Units #128 & 310, Paterson",40.9151781,-74.17318089999999,113828.0,9210.748898678414,9.096920898678414
Future Foil Inc,"295 Governor Street, Paterson",40.92217309999999,-74.1560343,113828.0,9210.748898678414,9.096920898678414
Westfield Garden State Plaza,"One Garden State Plaza Parkway, Paramus",40.91817289999999,-74.076331,54717.0,8370.925110132159,8.316208110132159
Target,"900 Bergen Town Center, Paramus",40.9163472,-74.061223,54717.0,8370.925110132159,8.316208110132159
Macy's,"500 Garden State Plaza Boulevard, Paramus",40.9170566,-74.075484,54717.0,8370.925110132159,8.316208110132159
Kohl's,"200 Bergen Town Center, Paramus",40.9150095,-74.0576904,54717.0,8370.925110132159,8.316208110132159
Nordstrom Rack,"510 Bergen Town Center, Paramus",40.915566,-74.058238,54717.0,8370.925110132159,8.316208110132159
Macy's Furniture Gallery,"275 Route 4, Paramus",40.91487900000001,-74.046802,54717.0,8370.925110132159,8.316208110132159
Marshalls,"100 Bergen Town Center, Paramus",40.91447489999999,-74.05662319999999,54717.0,8370.925110132159,8.316208110132159
Sunglass Hut at Macy's,"500 Garden State Plaza Boulevard, Paramus",40.9170553,-74.0754937,54717.0,8370.925110132159,8.316208110132159
Macy's Mattress Department,"500 Garden State Plaza Boulevard, Paramus",40.91728249999999,-74.0751748,54717.0,8370.925110132159,8.316208110132159
Nordstrom,"501 Garden State Plaza Boulevard, Paramus",40.9198404,-74.0756097,54717.0,8370.925110132159,8.316208110132159
HomeGoods,"200B Bergen Town Center, Paramus",40.91509819999999,-74.05747509999999,54717.0,8370.925110132159,8.316208110132159
Burlington,"180 Bergen Town Center, Paramus",40.91495219999999,-74.0592904,54717.0,8370.925110132159,8.316208110132159
Target,"630 Main Street, Hackensack",40.8991912,-74.03900879999999,54717.0,8370.925110132159,8.316208110132159
Bloomingdale's,"The Shops at Riverside, 400 Hackensack Avenue, Hackensack",40.9065233,-74.031136,54717.0,8370.925110132159,8.316208110132159
Brooks Brothers,"390 Hackensack Avenue, Hackensack",40.9052237,-74.03030559999999,54717.0,8370.925110132159,8.316208110132159
Solène,"1438 Queen Anne Road, Teaneck",40.90251799999999,-74.004809,54717.0,8370.925110132159,8.316208110132159
Super Dollar Store,"101 West Palisade Avenue, Englewood",40.896575,-73.9788411,54717.0,8370.925110132159,8.316208110132159
Macy's,"800 Central Park Avenue Ste 1, Yonkers",40.92868199999999,-73.855576,61528.0,3610.0473933649287,3.548519393364929
Marshalls,"750 Central Park Avenue, Yonkers",40.9249277,-73.85658389999999,61528.0,3610.0473933649287,3.548519393364929
T.J. Maxx,"750 Central Park Avenue, Yonkers",40.9259671,-73.8549124,61528.0,3610.0473933649287,3.548519393364929
HomeGoods,"750 Central Park Avenue, Yonkers",40.9256883,-73.8553639,61528.0,3610.0473933649287,3.548519393364929
Sunglass Hut at Macy's,"800 Central Park Avenue, Yonkers",40.9283335,-73.855674,61528.0,3610.0473933649287,3.548519393364929
Burlington,"750 Central Park Avenue, Yonkers",40.92593859999999,-73.8553912,61528.0,3610.0473933649287,3.548519393364929
Target,"500 East Sandford Boulevard, Mount Vernon",40.9004856,-73.81848169999999,61528.0,3610.0473933649287,3.548519393364929
Costco Wholesale,"1 Industrial Lane, New Rochelle",40.89634900000001,-73.7945562,61528.0,3610.0473933649287,3.548519393364929
T.J. Maxx,"600 East Sandford Boulevard, Mount Vernon",40.901793,-73.817999,61528.0,3610.0473933649287,3.548519393364929
Jds department store inc,"Jds Department Store Inc, 3915 Dyre Avenue, The Bronx",40.89371669999999,-73.82916929999999,61528.0,3610.0473933649287,3.548519393364929
Target,"9005 Xavier Drive, Yonkers",40.9280105,-73.85170029999999,61528.0,3610.0473933649287,3.548519393364929
Marshalls & HomeGoods,"200 Petersville Road, New Rochelle",40.9229986,-73.7726003,61528.0,3610.0473933649287,3.548519393364929
Burlington,"7 Wayne Hills Mall, Wayne",40.96207080000001,-74.2403198,113828.0,9210.748898678414,9.096920898678414
Burlington,"651 New Jersey 17 Suite 2, Paramus",40.96414939999999,-74.07836150000001,62243.0,2410.687203791469,2.348444203791469
T.J. Maxx,"34 East Ridgewood Avenue, Paramus",40.9654688,-74.0754951,62243.0,2410.687203791469,2.348444203791469
HomeGoods,"651 New Jersey 17, Paramus",40.96466329999999,-74.0784211,62243.0,2410.687203791469,2.348444203791469
Marshalls,"545 New Jersey 17, Paramus",40.9577743,-74.07575729999999,62243.0,2410.687203791469,2.348444203791469
Macy's,"100 Paramus Park Mall, Paramus",40.958395,-74.069194,62243.0,2410.687203791469,2.348444203791469
Sunglass Hut at Macy's,"100 Paramus Park, Paramus",40.95658599999999,-74.06863799999999,62243.0,2410.687203791469,2.348444203791469
Homesense,"404 New Jersey 17, Paramus",40.9484725,-74.0707499,62243.0,2410.687203791469,2.348444203791469
Marshalls,"550 Kinderkamack Road, Emerson",40.9813946,-74.0261148,62243.0,2410.687203791469,2.348444203791469
Target,"29 Vervalen Street, Closter",40.9714031,-73.9573817,62243.0,2410.687203791469,2.348444203791469
HomeGoods,"38 Vervalen Street, Closter",40.9709991,-73.9567873,62243.0,2410.687203791469,2.348444203791469
Costco Wholesale,"20 Stew Leonard Drive, Yonkers",40.9747461,-73.86173529999999,62243.0,2410.687203791469,2.348444203791469
T.J. Maxx,"35 Fitzgerald Street, Yonkers",40.96694189999999,-73.8574454,62243.0,2410.687203791469,2.348444203791469
Kohl's,"2350 Central Park Avenue, Yonkers",40.97755139999999,-73.8288571,61528.0,3610.0473933649287,3.548519393364929
Burlington,"2500 Central Park Avenue, Yonkers",40.9823893,-73.8266794,61528.0,3610.0473933649287,3.548519393364929
Marshalls,"2490 Central Park Avenue, Yonkers",40.9813118,-73.8253203,61528.0,3610.0473933649287,3.548519393364929
Homesense,"2490 Central Park Avenue, Yonkers",40.98152829999999,-73.8251155,61528.0,3610.0473933649287,3.548519393364929
